INSERT into users (email, username, password, address, city, country, postal_code) VALUES ('fct0@petsos.com', 'fct0', 'fct0', 'Haji Lane 0', 'Singapore', 'Singapore', 10648),
('fct1@petsos.com', 'fct1', 'fct1', 'Haji Lane 1', 'Singapore', 'Singapore', 10150),
('fct2@petsos.com', 'fct2', 'fct2', 'Haji Lane 2', 'Singapore', 'Singapore', 10045),
('fct3@petsos.com', 'fct3', 'fct3', 'Haji Lane 3', 'Singapore', 'Singapore', 10434),
('fct4@petsos.com', 'fct4', 'fct4', 'Haji Lane 4', 'Singapore', 'Singapore', 10775),
('fct5@petsos.com', 'fct5', 'fct5', 'Haji Lane 5', 'Singapore', 'Singapore', 10430),
('fct6@petsos.com', 'fct6', 'fct6', 'Haji Lane 6', 'Singapore', 'Singapore', 10577),
('fct7@petsos.com', 'fct7', 'fct7', 'Haji Lane 7', 'Singapore', 'Singapore', 10118),
('fct8@petsos.com', 'fct8', 'fct8', 'Haji Lane 8', 'Singapore', 'Singapore', 10450),
('fct9@petsos.com', 'fct9', 'fct9', 'Haji Lane 9', 'Singapore', 'Singapore', 10000),
('fct10@petsos.com', 'fct10', 'fct10', 'Haji Lane 10', 'Singapore', 'Singapore', 10486),
('fct11@petsos.com', 'fct11', 'fct11', 'Haji Lane 11', 'Singapore', 'Singapore', 10593),
('fct12@petsos.com', 'fct12', 'fct12', 'Haji Lane 12', 'Singapore', 'Singapore', 10036),
('fct13@petsos.com', 'fct13', 'fct13', 'Haji Lane 13', 'Singapore', 'Singapore', 10741),
('fct14@petsos.com', 'fct14', 'fct14', 'Haji Lane 14', 'Singapore', 'Singapore', 10774),
('fct15@petsos.com', 'fct15', 'fct15', 'Haji Lane 15', 'Singapore', 'Singapore', 10569),
('fct16@petsos.com', 'fct16', 'fct16', 'Haji Lane 16', 'Singapore', 'Singapore', 10251),
('fct17@petsos.com', 'fct17', 'fct17', 'Haji Lane 17', 'Singapore', 'Singapore', 10222),
('fct18@petsos.com', 'fct18', 'fct18', 'Haji Lane 18', 'Singapore', 'Singapore', 10672),
('fct19@petsos.com', 'fct19', 'fct19', 'Haji Lane 19', 'Singapore', 'Singapore', 10127),
('fct20@petsos.com', 'fct20', 'fct20', 'Haji Lane 20', 'Singapore', 'Singapore', 10413),
('fct21@petsos.com', 'fct21', 'fct21', 'Haji Lane 21', 'Singapore', 'Singapore', 10711),
('fct22@petsos.com', 'fct22', 'fct22', 'Haji Lane 22', 'Singapore', 'Singapore', 10320),
('fct23@petsos.com', 'fct23', 'fct23', 'Haji Lane 23', 'Singapore', 'Singapore', 10213),
('fct24@petsos.com', 'fct24', 'fct24', 'Haji Lane 24', 'Singapore', 'Singapore', 10470),
('fct25@petsos.com', 'fct25', 'fct25', 'Haji Lane 25', 'Singapore', 'Singapore', 10668),
('fct26@petsos.com', 'fct26', 'fct26', 'Haji Lane 26', 'Singapore', 'Singapore', 10654),
('fct27@petsos.com', 'fct27', 'fct27', 'Haji Lane 27', 'Singapore', 'Singapore', 10236),
('fct28@petsos.com', 'fct28', 'fct28', 'Haji Lane 28', 'Singapore', 'Singapore', 10769),
('fct29@petsos.com', 'fct29', 'fct29', 'Haji Lane 29', 'Singapore', 'Singapore', 10485),
('fct30@petsos.com', 'fct30', 'fct30', 'Haji Lane 30', 'Singapore', 'Singapore', 10037),
('fct31@petsos.com', 'fct31', 'fct31', 'Haji Lane 31', 'Singapore', 'Singapore', 10016),
('fct32@petsos.com', 'fct32', 'fct32', 'Haji Lane 32', 'Singapore', 'Singapore', 10593),
('fct33@petsos.com', 'fct33', 'fct33', 'Haji Lane 33', 'Singapore', 'Singapore', 10449),
('fct34@petsos.com', 'fct34', 'fct34', 'Haji Lane 34', 'Singapore', 'Singapore', 10122),
('fct35@petsos.com', 'fct35', 'fct35', 'Haji Lane 35', 'Singapore', 'Singapore', 10403),
('fct36@petsos.com', 'fct36', 'fct36', 'Haji Lane 36', 'Singapore', 'Singapore', 10406),
('fct37@petsos.com', 'fct37', 'fct37', 'Haji Lane 37', 'Singapore', 'Singapore', 10450),
('fct38@petsos.com', 'fct38', 'fct38', 'Haji Lane 38', 'Singapore', 'Singapore', 10294),
('fct39@petsos.com', 'fct39', 'fct39', 'Haji Lane 39', 'Singapore', 'Singapore', 10458),
('fct40@petsos.com', 'fct40', 'fct40', 'Haji Lane 40', 'Singapore', 'Singapore', 10640),
('fct41@petsos.com', 'fct41', 'fct41', 'Haji Lane 41', 'Singapore', 'Singapore', 10360),
('fct42@petsos.com', 'fct42', 'fct42', 'Haji Lane 42', 'Singapore', 'Singapore', 10127),
('fct43@petsos.com', 'fct43', 'fct43', 'Haji Lane 43', 'Singapore', 'Singapore', 10190),
('fct44@petsos.com', 'fct44', 'fct44', 'Haji Lane 44', 'Singapore', 'Singapore', 10668),
('fct45@petsos.com', 'fct45', 'fct45', 'Haji Lane 45', 'Singapore', 'Singapore', 10066),
('fct46@petsos.com', 'fct46', 'fct46', 'Haji Lane 46', 'Singapore', 'Singapore', 10294),
('fct47@petsos.com', 'fct47', 'fct47', 'Haji Lane 47', 'Singapore', 'Singapore', 10081),
('fct48@petsos.com', 'fct48', 'fct48', 'Haji Lane 48', 'Singapore', 'Singapore', 10557),
('fct49@petsos.com', 'fct49', 'fct49', 'Haji Lane 49', 'Singapore', 'Singapore', 10476),
('fct50@petsos.com', 'fct50', 'fct50', 'Haji Lane 50', 'Singapore', 'Singapore', 10352),
('fct51@petsos.com', 'fct51', 'fct51', 'Haji Lane 51', 'Singapore', 'Singapore', 10501),
('fct52@petsos.com', 'fct52', 'fct52', 'Haji Lane 52', 'Singapore', 'Singapore', 10347),
('fct53@petsos.com', 'fct53', 'fct53', 'Haji Lane 53', 'Singapore', 'Singapore', 10580),
('fct54@petsos.com', 'fct54', 'fct54', 'Haji Lane 54', 'Singapore', 'Singapore', 10632),
('fct55@petsos.com', 'fct55', 'fct55', 'Haji Lane 55', 'Singapore', 'Singapore', 10154),
('fct56@petsos.com', 'fct56', 'fct56', 'Haji Lane 56', 'Singapore', 'Singapore', 10263),
('fct57@petsos.com', 'fct57', 'fct57', 'Haji Lane 57', 'Singapore', 'Singapore', 10565),
('fct58@petsos.com', 'fct58', 'fct58', 'Haji Lane 58', 'Singapore', 'Singapore', 10278),
('fct59@petsos.com', 'fct59', 'fct59', 'Haji Lane 59', 'Singapore', 'Singapore', 10713),
('fct60@petsos.com', 'fct60', 'fct60', 'Haji Lane 60', 'Singapore', 'Singapore', 10429),
('fct61@petsos.com', 'fct61', 'fct61', 'Haji Lane 61', 'Singapore', 'Singapore', 10523),
('fct62@petsos.com', 'fct62', 'fct62', 'Haji Lane 62', 'Singapore', 'Singapore', 10746),
('fct63@petsos.com', 'fct63', 'fct63', 'Haji Lane 63', 'Singapore', 'Singapore', 10113),
('fct64@petsos.com', 'fct64', 'fct64', 'Haji Lane 64', 'Singapore', 'Singapore', 10350),
('fct65@petsos.com', 'fct65', 'fct65', 'Haji Lane 65', 'Singapore', 'Singapore', 10446),
('fct66@petsos.com', 'fct66', 'fct66', 'Haji Lane 66', 'Singapore', 'Singapore', 10026),
('fct67@petsos.com', 'fct67', 'fct67', 'Haji Lane 67', 'Singapore', 'Singapore', 10227),
('fct68@petsos.com', 'fct68', 'fct68', 'Haji Lane 68', 'Singapore', 'Singapore', 10542),
('fct69@petsos.com', 'fct69', 'fct69', 'Haji Lane 69', 'Singapore', 'Singapore', 10270),
('fct70@petsos.com', 'fct70', 'fct70', 'Haji Lane 70', 'Singapore', 'Singapore', 10180),
('fct71@petsos.com', 'fct71', 'fct71', 'Haji Lane 71', 'Singapore', 'Singapore', 10420),
('fct72@petsos.com', 'fct72', 'fct72', 'Haji Lane 72', 'Singapore', 'Singapore', 10246),
('fct73@petsos.com', 'fct73', 'fct73', 'Haji Lane 73', 'Singapore', 'Singapore', 10786),
('fct74@petsos.com', 'fct74', 'fct74', 'Haji Lane 74', 'Singapore', 'Singapore', 10549),
('fct75@petsos.com', 'fct75', 'fct75', 'Haji Lane 75', 'Singapore', 'Singapore', 10126),
('fct76@petsos.com', 'fct76', 'fct76', 'Haji Lane 76', 'Singapore', 'Singapore', 10336),
('fct77@petsos.com', 'fct77', 'fct77', 'Haji Lane 77', 'Singapore', 'Singapore', 10543),
('fct78@petsos.com', 'fct78', 'fct78', 'Haji Lane 78', 'Singapore', 'Singapore', 10267),
('fct79@petsos.com', 'fct79', 'fct79', 'Haji Lane 79', 'Singapore', 'Singapore', 10450),
('fct80@petsos.com', 'fct80', 'fct80', 'Haji Lane 80', 'Singapore', 'Singapore', 10273),
('fct81@petsos.com', 'fct81', 'fct81', 'Haji Lane 81', 'Singapore', 'Singapore', 10417),
('fct82@petsos.com', 'fct82', 'fct82', 'Haji Lane 82', 'Singapore', 'Singapore', 10746),
('fct83@petsos.com', 'fct83', 'fct83', 'Haji Lane 83', 'Singapore', 'Singapore', 10048),
('fct84@petsos.com', 'fct84', 'fct84', 'Haji Lane 84', 'Singapore', 'Singapore', 10408),
('fct85@petsos.com', 'fct85', 'fct85', 'Haji Lane 85', 'Singapore', 'Singapore', 10466),
('fct86@petsos.com', 'fct86', 'fct86', 'Haji Lane 86', 'Singapore', 'Singapore', 10331),
('fct87@petsos.com', 'fct87', 'fct87', 'Haji Lane 87', 'Singapore', 'Singapore', 10613),
('fct88@petsos.com', 'fct88', 'fct88', 'Haji Lane 88', 'Singapore', 'Singapore', 10571),
('fct89@petsos.com', 'fct89', 'fct89', 'Haji Lane 89', 'Singapore', 'Singapore', 10254),
('fct90@petsos.com', 'fct90', 'fct90', 'Haji Lane 90', 'Singapore', 'Singapore', 10512),
('fct91@petsos.com', 'fct91', 'fct91', 'Haji Lane 91', 'Singapore', 'Singapore', 10148),
('fct92@petsos.com', 'fct92', 'fct92', 'Haji Lane 92', 'Singapore', 'Singapore', 10464),
('fct93@petsos.com', 'fct93', 'fct93', 'Haji Lane 93', 'Singapore', 'Singapore', 10438),
('fct94@petsos.com', 'fct94', 'fct94', 'Haji Lane 94', 'Singapore', 'Singapore', 10754),
('fct95@petsos.com', 'fct95', 'fct95', 'Haji Lane 95', 'Singapore', 'Singapore', 10131),
('fct96@petsos.com', 'fct96', 'fct96', 'Haji Lane 96', 'Singapore', 'Singapore', 10313),
('fct97@petsos.com', 'fct97', 'fct97', 'Haji Lane 97', 'Singapore', 'Singapore', 10658),
('fct98@petsos.com', 'fct98', 'fct98', 'Haji Lane 98', 'Singapore', 'Singapore', 10152),
('fct100@petsos.com', 'fct100', 'fct100', 'Haji Lane 100', 'Singapore', 'Singapore', 10736);

INSERT into caretakers(ctuname, ct_type) VALUES ('fct0', 'full-time'),
('fct1', 'full-time'),
('fct2', 'full-time'),
('fct3', 'full-time'),
('fct4', 'full-time'),
('fct5', 'full-time'),
('fct6', 'full-time'),
('fct7', 'full-time'),
('fct8', 'full-time'),
('fct9', 'full-time'),
('fct10', 'full-time'),
('fct11', 'full-time'),
('fct12', 'full-time'),
('fct13', 'full-time'),
('fct14', 'full-time'),
('fct15', 'full-time'),
('fct16', 'full-time'),
('fct17', 'full-time'),
('fct18', 'full-time'),
('fct19', 'full-time'),
('fct20', 'full-time'),
('fct21', 'full-time'),
('fct22', 'full-time'),
('fct23', 'full-time'),
('fct24', 'full-time'),
('fct25', 'full-time'),
('fct26', 'full-time'),
('fct27', 'full-time'),
('fct28', 'full-time'),
('fct29', 'full-time'),
('fct30', 'full-time'),
('fct31', 'full-time'),
('fct32', 'full-time'),
('fct33', 'full-time'),
('fct34', 'full-time'),
('fct35', 'full-time'),
('fct36', 'full-time'),
('fct37', 'full-time'),
('fct38', 'full-time'),
('fct39', 'full-time'),
('fct40', 'full-time'),
('fct41', 'full-time'),
('fct42', 'full-time'),
('fct43', 'full-time'),
('fct44', 'full-time'),
('fct45', 'full-time'),
('fct46', 'full-time'),
('fct47', 'full-time'),
('fct48', 'full-time'),
('fct49', 'full-time'),
('fct50', 'full-time'),
('fct51', 'full-time'),
('fct52', 'full-time'),
('fct53', 'full-time'),
('fct54', 'full-time'),
('fct55', 'full-time'),
('fct56', 'full-time'),
('fct57', 'full-time'),
('fct58', 'full-time'),
('fct59', 'full-time'),
('fct60', 'full-time'),
('fct61', 'full-time'),
('fct62', 'full-time'),
('fct63', 'full-time'),
('fct64', 'full-time'),
('fct65', 'full-time'),
('fct66', 'full-time'),
('fct67', 'full-time'),
('fct68', 'full-time'),
('fct69', 'full-time'),
('fct70', 'full-time'),
('fct71', 'full-time'),
('fct72', 'full-time'),
('fct73', 'full-time'),
('fct74', 'full-time'),
('fct75', 'full-time'),
('fct76', 'full-time'),
('fct77', 'full-time'),
('fct78', 'full-time'),
('fct79', 'full-time'),
('fct80', 'full-time'),
('fct81', 'full-time'),
('fct82', 'full-time'),
('fct83', 'full-time'),
('fct84', 'full-time'),
('fct85', 'full-time'),
('fct86', 'full-time'),
('fct87', 'full-time'),
('fct88', 'full-time'),
('fct89', 'full-time'),
('fct90', 'full-time'),
('fct91', 'full-time'),
('fct92', 'full-time'),
('fct93', 'full-time'),
('fct94', 'full-time'),
('fct95', 'full-time'),
('fct96', 'full-time'),
('fct97', 'full-time'),
('fct98', 'full-time'),
('fct100', 'full-time');

INSERT INTO availability_span(ctuname, start_date, end_date) VALUES ('fct0', '2020-10-26', '2021-07-26'),
('fct1', '2020-10-05', '2021-04-09'),
('fct2', '2020-10-12', '2021-04-21'),
('fct3', '2020-11-05', '2021-10-26'),
('fct4', '2020-09-08', '2021-06-23'),
('fct5', '2020-09-26', '2021-05-01'),
('fct6', '2020-10-12', '2021-07-06'),
('fct7', '2020-09-15', '2021-08-08'),
('fct8', '2020-08-29', '2021-05-25'),
('fct9', '2020-08-24', '2021-03-06'),
('fct10', '2020-10-20', '2021-08-23'),
('fct11', '2020-09-08', '2021-03-22'),
('fct12', '2020-09-09', '2021-08-09'),
('fct13', '2020-09-16', '2021-07-19'),
('fct14', '2020-10-31', '2021-06-08'),
('fct15', '2020-10-17', '2021-09-15'),
('fct16', '2020-08-30', '2021-04-23'),
('fct17', '2020-09-28', '2021-04-19'),
('fct18', '2020-10-15', '2021-08-09'),
('fct19', '2020-08-18', '2021-06-04'),
('fct20', '2020-09-18', '2021-05-01'),
('fct21', '2020-08-26', '2021-06-23'),
('fct22', '2020-10-27', '2021-06-23'),
('fct23', '2020-09-06', '2021-04-07'),
('fct24', '2020-10-29', '2021-06-17'),
('fct25', '2020-10-25', '2021-05-19'),
('fct26', '2020-10-25', '2021-09-16'),
('fct27', '2020-08-23', '2021-07-24'),
('fct28', '2020-10-17', '2021-07-07'),
('fct29', '2020-10-27', '2021-08-22'),
('fct30', '2020-10-20', '2021-04-28'),
('fct31', '2020-10-03', '2021-06-10'),
('fct32', '2020-08-19', '2021-08-17'),
('fct33', '2020-08-27', '2021-04-29'),
('fct34', '2020-10-15', '2021-10-15'),
('fct35', '2020-08-19', '2021-05-18'),
('fct36', '2020-09-12', '2021-05-25'),
('fct37', '2020-08-26', '2021-06-26'),
('fct38', '2020-09-17', '2021-06-10'),
('fct39', '2020-10-14', '2021-03-24'),
('fct40', '2020-10-22', '2021-06-12'),
('fct41', '2020-08-12', '2021-04-17'),
('fct42', '2020-10-29', '2021-06-16'),
('fct43', '2020-10-13', '2021-10-07'),
('fct44', '2020-10-19', '2021-06-04'),
('fct45', '2020-09-30', '2021-09-01'),
('fct46', '2020-10-02', '2021-07-19'),
('fct47', '2020-09-03', '2021-03-10'),
('fct48', '2020-09-13', '2021-09-13'),
('fct49', '2020-10-27', '2021-07-20'),
('fct50', '2020-09-30', '2021-05-25'),
('fct51', '2020-08-23', '2021-07-17'),
('fct52', '2020-10-31', '2021-04-08'),
('fct53', '2020-10-10', '2021-04-29'),
('fct54', '2020-09-11', '2021-03-26'),
('fct55', '2020-10-20', '2021-08-06'),
('fct56', '2020-10-04', '2021-05-20'),
('fct57', '2020-08-21', '2021-05-26'),
('fct58', '2020-10-30', '2021-05-23'),
('fct59', '2020-09-05', '2021-03-18'),
('fct60', '2020-09-17', '2021-09-16'),
('fct61', '2020-08-22', '2021-04-14'),
('fct62', '2020-09-30', '2021-03-14'),
('fct63', '2020-10-08', '2021-03-24'),
('fct64', '2020-10-19', '2021-09-13'),
('fct65', '2020-09-24', '2021-07-09'),
('fct66', '2020-09-10', '2021-08-15'),
('fct67', '2020-09-12', '2021-04-07'),
('fct68', '2020-10-18', '2021-06-29'),
('fct69', '2020-09-24', '2021-07-28'),
('fct70', '2020-08-21', '2021-01-25'),
('fct71', '2020-09-08', '2021-08-02'),
('fct72', '2020-10-01', '2021-08-04'),
('fct73', '2020-08-15', '2021-05-28'),
('fct74', '2020-10-09', '2021-08-23'),
('fct75', '2020-10-22', '2021-07-27'),
('fct76', '2020-11-01', '2021-09-19'),
('fct77', '2020-10-25', '2021-10-08'),
('fct78', '2020-11-03', '2021-08-24'),
('fct79', '2020-10-02', '2021-05-26'),
('fct80', '2020-09-26', '2021-03-24'),
('fct81', '2020-08-21', '2021-06-02'),
('fct82', '2020-10-22', '2021-06-29'),
('fct83', '2020-11-08', '2021-11-08'),
('fct84', '2020-09-15', '2021-07-28'),
('fct85', '2020-10-11', '2021-08-29'),
('fct86', '2020-09-06', '2021-05-25'),
('fct87', '2020-09-25', '2021-06-02'),
('fct88', '2020-08-25', '2021-04-12'),
('fct89', '2020-08-18', '2021-03-02'),
('fct90', '2020-08-20', '2021-05-21'),
('fct91', '2020-11-06', '2021-05-12'),
('fct92', '2020-10-08', '2021-09-20'),
('fct93', '2020-09-08', '2021-03-07'),
('fct94', '2020-10-26', '2021-09-29'),
('fct95', '2020-09-15', '2021-03-13'),
('fct96', '2020-10-15', '2021-08-10'),
('fct97', '2020-10-15', '2021-05-08'),
('fct98', '2020-08-22', '2021-02-14'),
('fct100', '2020-08-28', '2021-05-15');

INSERT INTO is_capable(ctuname, species, breed, size) VALUES ('fct0', 'dog', 'husky', 'small'),
('fct0', 'dog', 'husky', 'medium'),
('fct0', 'dog', 'husky', 'large'),
('fct0', 'dog', 'retriever', 'small'),
('fct1', 'dog', 'husky', 'small'),
('fct1', 'dog', 'husky', 'medium'),
('fct1', 'dog', 'husky', 'large'),
('fct1', 'dog', 'retriever', 'small'),
('fct2', 'dog', 'husky', 'small'),
('fct2', 'dog', 'husky', 'medium'),
('fct2', 'dog', 'husky', 'large'),
('fct2', 'dog', 'retriever', 'small'),
('fct2', 'dog', 'retriever', 'medium'),
('fct2', 'dog', 'retriever', 'large'),
('fct2', 'dog', 'pug', 'small'),
('fct3', 'dog', 'husky', 'small'),
('fct3', 'dog', 'husky', 'medium'),
('fct3', 'dog', 'husky', 'large'),
('fct3', 'dog', 'retriever', 'small'),
('fct4', 'dog', 'husky', 'small'),
('fct4', 'dog', 'husky', 'medium'),
('fct4', 'dog', 'husky', 'large'),
('fct4', 'dog', 'retriever', 'small'),
('fct4', 'dog', 'retriever', 'medium'),
('fct4', 'dog', 'retriever', 'large'),
('fct4', 'dog', 'pug', 'small'),
('fct5', 'dog', 'husky', 'small'),
('fct5', 'dog', 'husky', 'medium'),
('fct5', 'dog', 'husky', 'large'),
('fct5', 'dog', 'retriever', 'small'),
('fct5', 'dog', 'retriever', 'medium'),
('fct5', 'dog', 'retriever', 'large'),
('fct7', 'dog', 'husky', 'small'),
('fct7', 'dog', 'husky', 'medium'),
('fct7', 'dog', 'husky', 'large'),
('fct8', 'dog', 'husky', 'small'),
('fct8', 'dog', 'husky', 'medium'),
('fct8', 'dog', 'husky', 'large'),
('fct8', 'dog', 'retriever', 'small'),
('fct9', 'dog', 'husky', 'small'),
('fct9', 'dog', 'husky', 'medium'),
('fct9', 'dog', 'husky', 'large'),
('fct10', 'dog', 'husky', 'small'),
('fct10', 'dog', 'husky', 'medium'),
('fct10', 'dog', 'husky', 'large'),
('fct10', 'dog', 'retriever', 'small'),
('fct10', 'dog', 'retriever', 'medium'),
('fct11', 'dog', 'husky', 'small'),
('fct11', 'dog', 'husky', 'medium'),
('fct11', 'dog', 'husky', 'large'),
('fct12', 'dog', 'husky', 'small'),
('fct12', 'dog', 'husky', 'medium'),
('fct12', 'dog', 'husky', 'large'),
('fct12', 'dog', 'retriever', 'small'),
('fct12', 'dog', 'retriever', 'medium'),
('fct13', 'dog', 'husky', 'small'),
('fct14', 'dog', 'husky', 'small'),
('fct14', 'dog', 'husky', 'medium'),
('fct14', 'dog', 'husky', 'large'),
('fct14', 'dog', 'retriever', 'small'),
('fct15', 'dog', 'husky', 'small'),
('fct15', 'dog', 'husky', 'medium'),
('fct15', 'dog', 'husky', 'large'),
('fct15', 'dog', 'retriever', 'small'),
('fct15', 'dog', 'retriever', 'medium'),
('fct15', 'dog', 'retriever', 'large'),
('fct15', 'dog', 'pug', 'small'),
('fct16', 'dog', 'husky', 'small'),
('fct16', 'dog', 'husky', 'medium'),
('fct16', 'dog', 'husky', 'large'),
('fct16', 'dog', 'retriever', 'small'),
('fct16', 'dog', 'retriever', 'medium'),
('fct16', 'dog', 'retriever', 'large'),
('fct17', 'dog', 'husky', 'small'),
('fct17', 'dog', 'husky', 'medium'),
('fct17', 'dog', 'husky', 'large'),
('fct17', 'dog', 'retriever', 'small'),
('fct17', 'dog', 'retriever', 'medium'),
('fct17', 'dog', 'retriever', 'large'),
('fct17', 'dog', 'pug', 'small'),
('fct18', 'dog', 'husky', 'small'),
('fct18', 'dog', 'husky', 'medium'),
('fct19', 'dog', 'husky', 'small'),
('fct19', 'dog', 'husky', 'medium'),
('fct20', 'dog', 'husky', 'small'),
('fct22', 'dog', 'husky', 'small'),
('fct22', 'dog', 'husky', 'medium'),
('fct22', 'dog', 'husky', 'large'),
('fct22', 'dog', 'retriever', 'small'),
('fct22', 'dog', 'retriever', 'medium'),
('fct23', 'dog', 'husky', 'small'),
('fct23', 'dog', 'husky', 'medium'),
('fct23', 'dog', 'husky', 'large'),
('fct23', 'dog', 'retriever', 'small'),
('fct23', 'dog', 'retriever', 'medium'),
('fct23', 'dog', 'retriever', 'large'),
('fct24', 'dog', 'husky', 'small'),
('fct24', 'dog', 'husky', 'medium'),
('fct24', 'dog', 'husky', 'large'),
('fct24', 'dog', 'retriever', 'small'),
('fct24', 'dog', 'retriever', 'medium'),
('fct24', 'dog', 'retriever', 'large'),
('fct24', 'dog', 'pug', 'small'),
('fct25', 'dog', 'husky', 'small'),
('fct25', 'dog', 'husky', 'medium'),
('fct25', 'dog', 'husky', 'large'),
('fct25', 'dog', 'retriever', 'small'),
('fct25', 'dog', 'retriever', 'medium'),
('fct26', 'dog', 'husky', 'small'),
('fct26', 'dog', 'husky', 'medium'),
('fct26', 'dog', 'husky', 'large'),
('fct26', 'dog', 'retriever', 'small'),
('fct27', 'dog', 'husky', 'small'),
('fct27', 'dog', 'husky', 'medium'),
('fct27', 'dog', 'husky', 'large'),
('fct28', 'dog', 'husky', 'small'),
('fct28', 'dog', 'husky', 'medium'),
('fct28', 'dog', 'husky', 'large'),
('fct28', 'dog', 'retriever', 'small'),
('fct28', 'dog', 'retriever', 'medium'),
('fct29', 'dog', 'husky', 'small'),
('fct29', 'dog', 'husky', 'medium'),
('fct30', 'dog', 'husky', 'small'),
('fct30', 'dog', 'husky', 'medium'),
('fct30', 'dog', 'husky', 'large'),
('fct31', 'dog', 'husky', 'small'),
('fct31', 'dog', 'husky', 'medium'),
('fct32', 'dog', 'husky', 'small'),
('fct32', 'dog', 'husky', 'medium'),
('fct32', 'dog', 'husky', 'large'),
('fct33', 'dog', 'husky', 'small'),
('fct33', 'dog', 'husky', 'medium'),
('fct33', 'dog', 'husky', 'large'),
('fct34', 'dog', 'husky', 'small'),
('fct34', 'dog', 'husky', 'medium'),
('fct35', 'dog', 'husky', 'small'),
('fct35', 'dog', 'husky', 'medium'),
('fct36', 'dog', 'husky', 'small'),
('fct36', 'dog', 'husky', 'medium'),
('fct36', 'dog', 'husky', 'large'),
('fct36', 'dog', 'retriever', 'small'),
('fct36', 'dog', 'retriever', 'medium'),
('fct36', 'dog', 'retriever', 'large'),
('fct36', 'dog', 'pug', 'small'),
('fct37', 'dog', 'husky', 'small'),
('fct37', 'dog', 'husky', 'medium'),
('fct37', 'dog', 'husky', 'large'),
('fct38', 'dog', 'husky', 'small'),
('fct39', 'dog', 'husky', 'small'),
('fct39', 'dog', 'husky', 'medium'),
('fct39', 'dog', 'husky', 'large'),
('fct39', 'dog', 'retriever', 'small'),
('fct40', 'dog', 'husky', 'small'),
('fct40', 'dog', 'husky', 'medium'),
('fct40', 'dog', 'husky', 'large'),
('fct40', 'dog', 'retriever', 'small'),
('fct40', 'dog', 'retriever', 'medium'),
('fct40', 'dog', 'retriever', 'large'),
('fct40', 'dog', 'pug', 'small'),
('fct41', 'dog', 'husky', 'small'),
('fct41', 'dog', 'husky', 'medium'),
('fct41', 'dog', 'husky', 'large'),
('fct41', 'dog', 'retriever', 'small'),
('fct41', 'dog', 'retriever', 'medium'),
('fct41', 'dog', 'retriever', 'large'),
('fct41', 'dog', 'pug', 'small'),
('fct42', 'dog', 'husky', 'small'),
('fct42', 'dog', 'husky', 'medium'),
('fct42', 'dog', 'husky', 'large'),
('fct42', 'dog', 'retriever', 'small'),
('fct44', 'dog', 'husky', 'small'),
('fct46', 'dog', 'husky', 'small'),
('fct47', 'dog', 'husky', 'small'),
('fct48', 'dog', 'husky', 'small'),
('fct48', 'dog', 'husky', 'medium'),
('fct48', 'dog', 'husky', 'large'),
('fct48', 'dog', 'retriever', 'small'),
('fct48', 'dog', 'retriever', 'medium'),
('fct48', 'dog', 'retriever', 'large'),
('fct48', 'dog', 'pug', 'small'),
('fct49', 'dog', 'husky', 'small'),
('fct49', 'dog', 'husky', 'medium'),
('fct50', 'dog', 'husky', 'small'),
('fct50', 'dog', 'husky', 'medium'),
('fct50', 'dog', 'husky', 'large'),
('fct50', 'dog', 'retriever', 'small'),
('fct50', 'dog', 'retriever', 'medium'),
('fct52', 'dog', 'husky', 'small'),
('fct52', 'dog', 'husky', 'medium'),
('fct52', 'dog', 'husky', 'large'),
('fct52', 'dog', 'retriever', 'small'),
('fct53', 'dog', 'husky', 'small'),
('fct54', 'dog', 'husky', 'small'),
('fct54', 'dog', 'husky', 'medium'),
('fct54', 'dog', 'husky', 'large'),
('fct54', 'dog', 'retriever', 'small'),
('fct55', 'dog', 'husky', 'small'),
('fct55', 'dog', 'husky', 'medium'),
('fct55', 'dog', 'husky', 'large'),
('fct55', 'dog', 'retriever', 'small'),
('fct55', 'dog', 'retriever', 'medium'),
('fct56', 'dog', 'husky', 'small'),
('fct57', 'dog', 'husky', 'small'),
('fct57', 'dog', 'husky', 'medium'),
('fct57', 'dog', 'husky', 'large'),
('fct57', 'dog', 'retriever', 'small'),
('fct57', 'dog', 'retriever', 'medium'),
('fct57', 'dog', 'retriever', 'large'),
('fct57', 'dog', 'pug', 'small'),
('fct58', 'dog', 'husky', 'small'),
('fct59', 'dog', 'husky', 'small'),
('fct59', 'dog', 'husky', 'medium'),
('fct61', 'dog', 'husky', 'small'),
('fct61', 'dog', 'husky', 'medium'),
('fct61', 'dog', 'husky', 'large'),
('fct61', 'dog', 'retriever', 'small'),
('fct61', 'dog', 'retriever', 'medium'),
('fct61', 'dog', 'retriever', 'large'),
('fct61', 'dog', 'pug', 'small'),
('fct62', 'dog', 'husky', 'small'),
('fct62', 'dog', 'husky', 'medium'),
('fct63', 'dog', 'husky', 'small'),
('fct63', 'dog', 'husky', 'medium'),
('fct64', 'dog', 'husky', 'small'),
('fct64', 'dog', 'husky', 'medium'),
('fct65', 'dog', 'husky', 'small'),
('fct65', 'dog', 'husky', 'medium'),
('fct65', 'dog', 'husky', 'large'),
('fct65', 'dog', 'retriever', 'small'),
('fct65', 'dog', 'retriever', 'medium'),
('fct65', 'dog', 'retriever', 'large'),
('fct66', 'dog', 'husky', 'small'),
('fct66', 'dog', 'husky', 'medium'),
('fct67', 'dog', 'husky', 'small'),
('fct67', 'dog', 'husky', 'medium'),
('fct67', 'dog', 'husky', 'large'),
('fct67', 'dog', 'retriever', 'small'),
('fct67', 'dog', 'retriever', 'medium'),
('fct68', 'dog', 'husky', 'small'),
('fct68', 'dog', 'husky', 'medium'),
('fct68', 'dog', 'husky', 'large'),
('fct68', 'dog', 'retriever', 'small'),
('fct68', 'dog', 'retriever', 'medium'),
('fct68', 'dog', 'retriever', 'large'),
('fct69', 'dog', 'husky', 'small'),
('fct69', 'dog', 'husky', 'medium'),
('fct69', 'dog', 'husky', 'large'),
('fct69', 'dog', 'retriever', 'small'),
('fct69', 'dog', 'retriever', 'medium'),
('fct70', 'dog', 'husky', 'small'),
('fct73', 'dog', 'husky', 'small'),
('fct73', 'dog', 'husky', 'medium'),
('fct73', 'dog', 'husky', 'large'),
('fct73', 'dog', 'retriever', 'small'),
('fct76', 'dog', 'husky', 'small'),
('fct80', 'dog', 'husky', 'small'),
('fct80', 'dog', 'husky', 'medium'),
('fct80', 'dog', 'husky', 'large'),
('fct80', 'dog', 'retriever', 'small'),
('fct80', 'dog', 'retriever', 'medium'),
('fct80', 'dog', 'retriever', 'large'),
('fct80', 'dog', 'pug', 'small'),
('fct81', 'dog', 'husky', 'small'),
('fct81', 'dog', 'husky', 'medium'),
('fct81', 'dog', 'husky', 'large'),
('fct81', 'dog', 'retriever', 'small'),
('fct81', 'dog', 'retriever', 'medium'),
('fct81', 'dog', 'retriever', 'large'),
('fct83', 'dog', 'husky', 'small'),
('fct84', 'dog', 'husky', 'small'),
('fct85', 'dog', 'husky', 'small'),
('fct85', 'dog', 'husky', 'medium'),
('fct85', 'dog', 'husky', 'large'),
('fct85', 'dog', 'retriever', 'small'),
('fct85', 'dog', 'retriever', 'medium'),
('fct85', 'dog', 'retriever', 'large'),
('fct86', 'dog', 'husky', 'small'),
('fct86', 'dog', 'husky', 'medium'),
('fct86', 'dog', 'husky', 'large'),
('fct86', 'dog', 'retriever', 'small'),
('fct86', 'dog', 'retriever', 'medium'),
('fct86', 'dog', 'retriever', 'large'),
('fct87', 'dog', 'husky', 'small'),
('fct87', 'dog', 'husky', 'medium'),
('fct89', 'dog', 'husky', 'small'),
('fct89', 'dog', 'husky', 'medium'),
('fct90', 'dog', 'husky', 'small'),
('fct90', 'dog', 'husky', 'medium'),
('fct90', 'dog', 'husky', 'large'),
('fct90', 'dog', 'retriever', 'small'),
('fct90', 'dog', 'retriever', 'medium'),
('fct90', 'dog', 'retriever', 'large'),
('fct91', 'dog', 'husky', 'small'),
('fct91', 'dog', 'husky', 'medium'),
('fct91', 'dog', 'husky', 'large'),
('fct91', 'dog', 'retriever', 'small'),
('fct91', 'dog', 'retriever', 'medium'),
('fct91', 'dog', 'retriever', 'large'),
('fct91', 'dog', 'pug', 'small'),
('fct92', 'dog', 'husky', 'small'),
('fct92', 'dog', 'husky', 'medium'),
('fct92', 'dog', 'husky', 'large'),
('fct92', 'dog', 'retriever', 'small'),
('fct93', 'dog', 'husky', 'small'),
('fct93', 'dog', 'husky', 'medium'),
('fct94', 'dog', 'husky', 'small'),
('fct94', 'dog', 'husky', 'medium'),
('fct95', 'dog', 'husky', 'small'),
('fct95', 'dog', 'husky', 'medium'),
('fct95', 'dog', 'husky', 'large'),
('fct95', 'dog', 'retriever', 'small'),
('fct96', 'dog', 'husky', 'small'),
('fct96', 'dog', 'husky', 'medium'),
('fct96', 'dog', 'husky', 'large'),
('fct96', 'dog', 'retriever', 'small'),
('fct96', 'dog', 'retriever', 'medium'),
('fct96', 'dog', 'retriever', 'large'),
('fct97', 'dog', 'husky', 'small'),
('fct97', 'dog', 'husky', 'medium'),
('fct97', 'dog', 'husky', 'large'),
('fct97', 'dog', 'retriever', 'small'),
('fct97', 'dog', 'retriever', 'medium'),
('fct97', 'dog', 'retriever', 'large'),
('fct97', 'dog', 'pug', 'small'),
('fct98', 'dog', 'husky', 'small'),
('fct98', 'dog', 'husky', 'medium'),
('fct98', 'dog', 'husky', 'large'),
('fct98', 'dog', 'retriever', 'small'),
('fct98', 'dog', 'retriever', 'medium'),
('fct100', 'dog', 'husky', 'small');