INSERT INTO pets(name, pouname, species, breed, size) VALUES
('po475pet1', 'po475', 'cat', 'persian', 'small'),
('po475pet2', 'po475', 'dog', 'pug', 'medium'),
('po476pet0', 'po476', 'dog', 'pug', 'large'),
('po476pet1', 'po476', 'cat', 'siamese', 'small'),
('po477pet0', 'po477', 'dog', 'retriever', 'small'),
('po477pet1', 'po477', 'dog', 'pug', 'medium'),
('po477pet2', 'po477', 'cat', 'sphynx', 'medium'),
('po478pet0', 'po478', 'dog', 'retriever', 'large'),
('po479pet0', 'po479', 'dog', 'husky', 'small'),
('po479pet1', 'po479', 'dog', 'pug', 'medium'),
('po479pet2', 'po479', 'cat', 'siamese', 'small'),
('po480pet0', 'po480', 'cat', 'siamese', 'large'),
('po481pet0', 'po481', 'dog', 'retriever', 'medium'),
('po482pet0', 'po482', 'dog', 'retriever', 'large'),
('po482pet1', 'po482', 'cat', 'sphynx', 'small'),
('po486pet0', 'po486', 'cat', 'siamese', 'large'),
('po486pet1', 'po486', 'cat', 'siamese', 'large'),
('po486pet2', 'po486', 'cat', 'persian', 'medium'),
('po488pet0', 'po488', 'dog', 'husky', 'large'),
('po488pet1', 'po488', 'dog', 'husky', 'small'),
('po488pet2', 'po488', 'dog', 'pug', 'small'),
('po489pet0', 'po489', 'dog', 'retriever', 'medium'),
('po489pet1', 'po489', 'cat', 'siamese', 'large'),
('po489pet2', 'po489', 'cat', 'siamese', 'small'),
('po490pet0', 'po490', 'dog', 'pug', 'medium'),
('po490pet1', 'po490', 'dog', 'retriever', 'medium'),
('po491pet0', 'po491', 'dog', 'husky', 'large'),
('po491pet1', 'po491', 'dog', 'pug', 'large'),
('po491pet2', 'po491', 'dog', 'retriever', 'large'),
('po492pet0', 'po492', 'cat', 'persian', 'large'),
('po493pet0', 'po493', 'cat', 'sphynx', 'large'),
('po493pet1', 'po493', 'cat', 'persian', 'large'),
('po494pet0', 'po494', 'cat', 'sphynx', 'small'),
('po494pet1', 'po494', 'dog', 'retriever', 'large'),
('po495pet0', 'po495', 'dog', 'cihuahua', 'medium'),
('po499pet0', 'po499', 'cat', 'persian', 'large'),
('po499pet1', 'po499', 'cat', 'persian', 'large'),
('po500pet0', 'po500', 'dog', 'retriever', 'medium'),
('po500pet1', 'po500', 'cat', 'persian', 'medium'),
('po502pet0', 'po502', 'cat', 'siamese', 'medium'),
('po502pet1', 'po502', 'cat', 'persian', 'small'),
('po502pet2', 'po502', 'cat', 'persian', 'large'),
('po503pet0', 'po503', 'dog', 'cihuahua', 'large'),
('po504pet0', 'po504', 'dog', 'pug', 'large'),
('po504pet1', 'po504', 'cat', 'sphynx', 'small'),
('po504pet2', 'po504', 'cat', 'siamese', 'small'),
('po505pet0', 'po505', 'cat', 'siamese', 'medium'),
('po506pet0', 'po506', 'dog', 'retriever', 'medium'),
('po507pet0', 'po507', 'dog', 'husky', 'small'),
('po508pet0', 'po508', 'cat', 'sphynx', 'small'),
('po509pet0', 'po509', 'cat', 'sphynx', 'large'),
('po512pet0', 'po512', 'cat', 'siamese', 'medium'),
('po512pet1', 'po512', 'dog', 'pug', 'small'),
('po513pet0', 'po513', 'cat', 'siamese', 'small'),
('po514pet0', 'po514', 'cat', 'sphynx', 'large'),
('po514pet1', 'po514', 'dog', 'retriever', 'small'),
('po515pet0', 'po515', 'cat', 'siamese', 'large'),
('po516pet0', 'po516', 'cat', 'sphynx', 'medium'),
('po516pet1', 'po516', 'dog', 'pug', 'medium'),
('po517pet0', 'po517', 'cat', 'siamese', 'medium'),
('po517pet1', 'po517', 'cat', 'persian', 'medium'),
('po517pet2', 'po517', 'dog', 'cihuahua', 'large'),
('po518pet0', 'po518', 'cat', 'sphynx', 'medium'),
('po518pet1', 'po518', 'cat', 'persian', 'medium'),
('po518pet2', 'po518', 'dog', 'husky', 'small'),
('po519pet0', 'po519', 'dog', 'cihuahua', 'small'),
('po520pet0', 'po520', 'cat', 'siamese', 'large'),
('po520pet1', 'po520', 'cat', 'persian', 'large'),
('po521pet0', 'po521', 'cat', 'persian', 'large'),
('po522pet0', 'po522', 'cat', 'sphynx', 'small'),
('po523pet0', 'po523', 'cat', 'sphynx', 'small'),
('po525pet0', 'po525', 'dog', 'husky', 'large'),
('po526pet0', 'po526', 'cat', 'sphynx', 'small'),
('po527pet0', 'po527', 'dog', 'pug', 'large'),
('po527pet1', 'po527', 'cat', 'siamese', 'medium'),
('po527pet2', 'po527', 'dog', 'cihuahua', 'large'),
('po530pet0', 'po530', 'cat', 'siamese', 'large'),
('po530pet1', 'po530', 'dog', 'cihuahua', 'medium'),
('po531pet0', 'po531', 'dog', 'cihuahua', 'large'),
('po531pet1', 'po531', 'cat', 'siamese', 'small'),
('po531pet2', 'po531', 'dog', 'husky', 'medium'),
('po532pet0', 'po532', 'dog', 'cihuahua', 'medium'),
('po533pet0', 'po533', 'dog', 'husky', 'large'),
('po534pet0', 'po534', 'cat', 'sphynx', 'small'),
('po535pet0', 'po535', 'cat', 'siamese', 'small'),
('po535pet1', 'po535', 'cat', 'persian', 'medium'),
('po535pet2', 'po535', 'cat', 'sphynx', 'small'),
('po539pet0', 'po539', 'dog', 'retriever', 'large'),
('po539pet1', 'po539', 'cat', 'sphynx', 'small'),
('po539pet2', 'po539', 'cat', 'sphynx', 'small'),
('po540pet0', 'po540', 'dog', 'husky', 'small'),
('po540pet1', 'po540', 'cat', 'siamese', 'large'),
('po542pet0', 'po542', 'cat', 'persian', 'large'),
('po542pet1', 'po542', 'dog', 'cihuahua', 'small'),
('po544pet0', 'po544', 'dog', 'pug', 'medium'),
('po544pet1', 'po544', 'dog', 'cihuahua', 'large'),
('po544pet2', 'po544', 'dog', 'retriever', 'medium'),
('po545pet0', 'po545', 'cat', 'sphynx', 'small'),
('po546pet0', 'po546', 'dog', 'husky', 'large'),
('po546pet1', 'po546', 'dog', 'retriever', 'medium'),
('po548pet0', 'po548', 'cat', 'persian', 'small'),
('po549pet0', 'po549', 'dog', 'pug', 'large'),
('po550pet0', 'po550', 'cat', 'sphynx', 'large'),
('po550pet1', 'po550', 'dog', 'husky', 'medium'),
('po553pet0', 'po553', 'dog', 'cihuahua', 'large'),
('po554pet0', 'po554', 'cat', 'siamese', 'large'),
('po554pet1', 'po554', 'cat', 'siamese', 'small'),
('po555pet0', 'po555', 'cat', 'sphynx', 'medium'),
('po556pet0', 'po556', 'dog', 'husky', 'medium'),
('po557pet0', 'po557', 'dog', 'pug', 'medium'),
('po557pet1', 'po557', 'dog', 'cihuahua', 'small'),
('po558pet0', 'po558', 'cat', 'persian', 'medium'),
('po558pet1', 'po558', 'cat', 'persian', 'large'),
('po559pet0', 'po559', 'dog', 'cihuahua', 'medium'),
('po559pet1', 'po559', 'cat', 'siamese', 'small'),
('po560pet0', 'po560', 'dog', 'pug', 'medium'),
('po561pet0', 'po561', 'dog', 'retriever', 'small'),
('po563pet0', 'po563', 'cat', 'persian', 'small'),
('po563pet1', 'po563', 'cat', 'siamese', 'small'),
('po563pet2', 'po563', 'dog', 'pug', 'small'),
('po565pet0', 'po565', 'cat', 'sphynx', 'medium'),
('po565pet1', 'po565', 'dog', 'husky', 'small'),
('po566pet0', 'po566', 'dog', 'cihuahua', 'small'),
('po566pet1', 'po566', 'dog', 'pug', 'medium'),
('po566pet2', 'po566', 'dog', 'retriever', 'small'),
('po567pet0', 'po567', 'dog', 'retriever', 'large'),
('po567pet1', 'po567', 'dog', 'pug', 'medium'),
('po569pet0', 'po569', 'dog', 'retriever', 'large'),
('po569pet1', 'po569', 'dog', 'pug', 'medium'),
('po570pet0', 'po570', 'dog', 'pug', 'small'),
('po571pet0', 'po571', 'dog', 'cihuahua', 'medium'),
('po571pet1', 'po571', 'cat', 'persian', 'large'),
('po572pet0', 'po572', 'dog', 'pug', 'large'),
('po572pet1', 'po572', 'cat', 'sphynx', 'large'),
('po574pet0', 'po574', 'cat', 'persian', 'small'),
('po574pet1', 'po574', 'dog', 'retriever', 'small'),
('po575pet0', 'po575', 'cat', 'persian', 'medium'),
('po576pet0', 'po576', 'cat', 'siamese', 'large'),
('po576pet1', 'po576', 'dog', 'husky', 'large'),
('po578pet0', 'po578', 'dog', 'husky', 'small'),
('po579pet0', 'po579', 'cat', 'siamese', 'small'),
('po579pet1', 'po579', 'dog', 'husky', 'large'),
('po579pet2', 'po579', 'dog', 'husky', 'small'),
('po580pet0', 'po580', 'dog', 'husky', 'medium'),
('po580pet1', 'po580', 'dog', 'cihuahua', 'medium'),
('po580pet2', 'po580', 'dog', 'husky', 'large'),
('po581pet0', 'po581', 'cat', 'sphynx', 'large'),
('po581pet1', 'po581', 'dog', 'retriever', 'large'),
('po582pet0', 'po582', 'dog', 'cihuahua', 'small'),
('po582pet1', 'po582', 'dog', 'pug', 'medium'),
('po582pet2', 'po582', 'dog', 'pug', 'large'),
('po583pet0', 'po583', 'dog', 'husky', 'large'),
('po585pet0', 'po585', 'dog', 'husky', 'small'),
('po585pet1', 'po585', 'dog', 'cihuahua', 'small'),
('po585pet2', 'po585', 'dog', 'cihuahua', 'medium'),
('po586pet0', 'po586', 'dog', 'retriever', 'medium'),
('po587pet0', 'po587', 'dog', 'cihuahua', 'medium'),
('po587pet1', 'po587', 'cat', 'sphynx', 'large'),
('po588pet0', 'po588', 'dog', 'pug', 'small'),
('po588pet1', 'po588', 'cat', 'persian', 'medium'),
('po588pet2', 'po588', 'cat', 'persian', 'small'),
('po589pet0', 'po589', 'cat', 'sphynx', 'large'),
('po590pet0', 'po590', 'cat', 'siamese', 'medium'),
('po590pet1', 'po590', 'cat', 'persian', 'large'),
('po590pet2', 'po590', 'cat', 'persian', 'small'),
('po591pet0', 'po591', 'cat', 'persian', 'medium'),
('po592pet0', 'po592', 'cat', 'siamese', 'large'),
('po593pet0', 'po593', 'cat', 'sphynx', 'small'),
('po594pet0', 'po594', 'cat', 'siamese', 'large'),
('po594pet1', 'po594', 'cat', 'sphynx', 'large'),
('po594pet2', 'po594', 'dog', 'retriever', 'small'),
('po595pet0', 'po595', 'cat', 'sphynx', 'small'),
('po596pet0', 'po596', 'dog', 'husky', 'medium'),
('po597pet0', 'po597', 'cat', 'siamese', 'small'),
('po597pet1', 'po597', 'dog', 'retriever', 'medium'),
('po597pet2', 'po597', 'dog', 'husky', 'large'),
('po598pet0', 'po598', 'dog', 'husky', 'small'),
('po598pet1', 'po598', 'dog', 'cihuahua', 'medium'),
('po599pet0', 'po599', 'dog', 'cihuahua', 'large'),
('po601pet0', 'po601', 'dog', 'retriever', 'large'),
('po601pet1', 'po601', 'dog', 'husky', 'large'),
('po602pet0', 'po602', 'cat', 'siamese', 'medium'),
('po603pet0', 'po603', 'dog', 'retriever', 'small'),
('po603pet1', 'po603', 'cat', 'persian', 'small'),
('po603pet2', 'po603', 'cat', 'persian', 'small'),
('po604pet0', 'po604', 'cat', 'sphynx', 'small'),
('po604pet1', 'po604', 'dog', 'cihuahua', 'small'),
('po605pet0', 'po605', 'dog', 'husky', 'small'),
('po606pet0', 'po606', 'dog', 'cihuahua', 'small'),
('po607pet0', 'po607', 'cat', 'persian', 'large'),
('po608pet0', 'po608', 'dog', 'cihuahua', 'medium'),
('po608pet1', 'po608', 'dog', 'retriever', 'medium'),
('po609pet0', 'po609', 'cat', 'siamese', 'large'),
('po610pet0', 'po610', 'dog', 'retriever', 'medium'),
('po610pet1', 'po610', 'cat', 'siamese', 'large'),
('po611pet0', 'po611', 'cat', 'siamese', 'large'),
('po611pet1', 'po611', 'dog', 'retriever', 'medium'),
('po613pet0', 'po613', 'dog', 'husky', 'small'),
('po614pet0', 'po614', 'cat', 'persian', 'small'),
('po615pet0', 'po615', 'cat', 'persian', 'medium'),
('po615pet1', 'po615', 'dog', 'pug', 'large'),
('po617pet0', 'po617', 'cat', 'persian', 'medium'),
('po618pet0', 'po618', 'cat', 'persian', 'large'),
('po618pet1', 'po618', 'cat', 'sphynx', 'large'),
('po619pet0', 'po619', 'cat', 'persian', 'medium'),
('po620pet0', 'po620', 'dog', 'retriever', 'small'),
('po620pet1', 'po620', 'dog', 'retriever', 'small'),
('po621pet0', 'po621', 'dog', 'pug', 'small'),
('po621pet1', 'po621', 'cat', 'persian', 'large'),
('po621pet2', 'po621', 'cat', 'persian', 'small'),
('po622pet0', 'po622', 'dog', 'husky', 'small'),
('po622pet1', 'po622', 'cat', 'siamese', 'small'),
('po622pet2', 'po622', 'dog', 'retriever', 'medium'),
('po623pet0', 'po623', 'cat', 'sphynx', 'small'),
('po623pet1', 'po623', 'dog', 'cihuahua', 'medium'),
('po623pet2', 'po623', 'dog', 'husky', 'large'),
('po624pet0', 'po624', 'dog', 'pug', 'large'),
('po625pet0', 'po625', 'cat', 'persian', 'large'),
('po626pet0', 'po626', 'cat', 'siamese', 'small'),
('po626pet1', 'po626', 'dog', 'cihuahua', 'medium'),
('po626pet2', 'po626', 'dog', 'cihuahua', 'small'),
('po627pet0', 'po627', 'cat', 'sphynx', 'medium'),
('po628pet0', 'po628', 'cat', 'siamese', 'small'),
('po629pet0', 'po629', 'dog', 'husky', 'small'),
('po629pet1', 'po629', 'cat', 'siamese', 'large'),
('po630pet0', 'po630', 'cat', 'persian', 'large'),
('po630pet1', 'po630', 'dog', 'retriever', 'medium'),
('po630pet2', 'po630', 'dog', 'pug', 'small'),
('po631pet0', 'po631', 'dog', 'pug', 'medium'),
('po632pet0', 'po632', 'dog', 'husky', 'medium'),
('po633pet0', 'po633', 'dog', 'retriever', 'small'),
('po633pet1', 'po633', 'cat', 'persian', 'large'),
('po634pet0', 'po634', 'cat', 'persian', 'medium'),
('po634pet1', 'po634', 'cat', 'sphynx', 'large'),
('po634pet2', 'po634', 'dog', 'retriever', 'medium'),
('po635pet0', 'po635', 'dog', 'cihuahua', 'small'),
('po635pet1', 'po635', 'cat', 'siamese', 'small'),
('po637pet0', 'po637', 'cat', 'persian', 'small'),
('po637pet1', 'po637', 'dog', 'retriever', 'medium'),
('po638pet0', 'po638', 'dog', 'cihuahua', 'large'),
('po638pet1', 'po638', 'cat', 'sphynx', 'large'),
('po643pet0', 'po643', 'dog', 'husky', 'large'),
('po644pet0', 'po644', 'dog', 'retriever', 'medium'),
('po644pet1', 'po644', 'cat', 'persian', 'medium'),
('po644pet2', 'po644', 'dog', 'pug', 'medium'),
('po646pet0', 'po646', 'dog', 'cihuahua', 'medium'),
('po647pet0', 'po647', 'cat', 'siamese', 'large'),
('po647pet1', 'po647', 'dog', 'cihuahua', 'medium'),
('po647pet2', 'po647', 'dog', 'husky', 'medium'),
('po648pet0', 'po648', 'dog', 'retriever', 'medium'),
('po648pet1', 'po648', 'cat', 'sphynx', 'medium'),
('po651pet0', 'po651', 'dog', 'retriever', 'large'),
('po651pet1', 'po651', 'dog', 'pug', 'large'),
('po652pet0', 'po652', 'cat', 'siamese', 'large'),
('po653pet0', 'po653', 'dog', 'retriever', 'large'),
('po653pet1', 'po653', 'cat', 'siamese', 'medium'),
('po653pet2', 'po653', 'cat', 'persian', 'medium'),
('po654pet0', 'po654', 'dog', 'cihuahua', 'large'),
('po654pet1', 'po654', 'cat', 'siamese', 'medium'),
('po654pet2', 'po654', 'cat', 'persian', 'small'),
('po655pet0', 'po655', 'cat', 'persian', 'small'),
('po655pet1', 'po655', 'dog', 'retriever', 'small'),
('po656pet0', 'po656', 'dog', 'cihuahua', 'small'),
('po656pet1', 'po656', 'cat', 'siamese', 'small'),
('po658pet0', 'po658', 'cat', 'sphynx', 'large'),
('po658pet1', 'po658', 'dog', 'husky', 'medium'),
('po659pet0', 'po659', 'dog', 'husky', 'medium'),
('po659pet1', 'po659', 'dog', 'cihuahua', 'large'),
('po661pet0', 'po661', 'cat', 'persian', 'medium'),
('po662pet0', 'po662', 'cat', 'sphynx', 'small'),
('po662pet1', 'po662', 'dog', 'husky', 'medium'),
('po662pet2', 'po662', 'dog', 'cihuahua', 'medium'),
('po663pet0', 'po663', 'dog', 'husky', 'small'),
('po663pet1', 'po663', 'dog', 'retriever', 'large'),
('po663pet2', 'po663', 'dog', 'husky', 'medium'),
('po665pet0', 'po665', 'dog', 'husky', 'large'),
('po667pet0', 'po667', 'dog', 'pug', 'medium'),
('po667pet1', 'po667', 'cat', 'siamese', 'large'),
('po668pet0', 'po668', 'cat', 'siamese', 'large'),
('po668pet1', 'po668', 'dog', 'cihuahua', 'medium'),
('po669pet0', 'po669', 'dog', 'cihuahua', 'large'),
('po669pet1', 'po669', 'cat', 'persian', 'large'),
('po670pet0', 'po670', 'dog', 'retriever', 'large'),
('po670pet1', 'po670', 'dog', 'husky', 'large'),
('po671pet0', 'po671', 'dog', 'retriever', 'small'),
('po671pet1', 'po671', 'dog', 'retriever', 'medium'),
('po673pet0', 'po673', 'cat', 'siamese', 'small'),
('po674pet0', 'po674', 'dog', 'cihuahua', 'small'),
('po675pet0', 'po675', 'dog', 'husky', 'medium'),
('po675pet1', 'po675', 'dog', 'cihuahua', 'large'),
('po675pet2', 'po675', 'cat', 'sphynx', 'small'),
('po676pet0', 'po676', 'dog', 'pug', 'small'),
('po676pet1', 'po676', 'dog', 'pug', 'medium'),
('po676pet2', 'po676', 'cat', 'persian', 'small'),
('po677pet0', 'po677', 'cat', 'siamese', 'medium'),
('po677pet1', 'po677', 'cat', 'sphynx', 'large'),
('po677pet2', 'po677', 'cat', 'siamese', 'large'),
('po678pet0', 'po678', 'dog', 'cihuahua', 'small'),
('po680pet0', 'po680', 'dog', 'cihuahua', 'medium'),
('po680pet1', 'po680', 'dog', 'retriever', 'large'),
('po682pet0', 'po682', 'dog', 'husky', 'large'),
('po683pet0', 'po683', 'dog', 'pug', 'large'),
('po684pet0', 'po684', 'dog', 'pug', 'small'),
('po684pet1', 'po684', 'cat', 'sphynx', 'medium'),
('po684pet2', 'po684', 'dog', 'retriever', 'large'),
('po685pet0', 'po685', 'cat', 'persian', 'medium'),
('po685pet1', 'po685', 'dog', 'cihuahua', 'medium'),
('po685pet2', 'po685', 'dog', 'retriever', 'medium'),
('po686pet0', 'po686', 'cat', 'siamese', 'large'),
('po686pet1', 'po686', 'dog', 'retriever', 'small'),
('po686pet2', 'po686', 'cat', 'sphynx', 'large'),
('po687pet0', 'po687', 'cat', 'persian', 'medium'),
('po689pet0', 'po689', 'dog', 'cihuahua', 'large'),
('po691pet0', 'po691', 'dog', 'cihuahua', 'large'),
('po691pet1', 'po691', 'cat', 'persian', 'large'),
('po692pet0', 'po692', 'dog', 'retriever', 'medium'),
('po692pet1', 'po692', 'cat', 'persian', 'small'),
('po693pet0', 'po693', 'dog', 'pug', 'medium'),
('po696pet0', 'po696', 'cat', 'sphynx', 'small'),
('po696pet1', 'po696', 'dog', 'cihuahua', 'small'),
('po697pet0', 'po697', 'dog', 'cihuahua', 'large'),
('po697pet1', 'po697', 'cat', 'siamese', 'small'),
('po699pet0', 'po699', 'dog', 'cihuahua', 'medium'),
('po700pet0', 'po700', 'dog', 'husky', 'large'),
('po700pet1', 'po700', 'cat', 'sphynx', 'small'),
('po700pet2', 'po700', 'dog', 'cihuahua', 'large'),
('po701pet0', 'po701', 'dog', 'cihuahua', 'large'),
('po701pet1', 'po701', 'cat', 'sphynx', 'small'),
('po701pet2', 'po701', 'dog', 'cihuahua', 'small'),
('po703pet0', 'po703', 'cat', 'siamese', 'medium'),
('po703pet1', 'po703', 'dog', 'retriever', 'large'),
('po704pet0', 'po704', 'cat', 'sphynx', 'small'),
('po704pet1', 'po704', 'cat', 'sphynx', 'small'),
('po704pet2', 'po704', 'cat', 'siamese', 'large'),
('po705pet0', 'po705', 'dog', 'cihuahua', 'large'),
('po705pet1', 'po705', 'cat', 'siamese', 'large'),
('po705pet2', 'po705', 'dog', 'pug', 'large'),
('po706pet0', 'po706', 'cat', 'siamese', 'medium'),
('po706pet1', 'po706', 'cat', 'sphynx', 'small'),
('po707pet0', 'po707', 'dog', 'cihuahua', 'medium'),
('po707pet1', 'po707', 'dog', 'cihuahua', 'small'),
('po708pet0', 'po708', 'dog', 'pug', 'small'),
('po708pet1', 'po708', 'dog', 'cihuahua', 'medium'),
('po709pet0', 'po709', 'dog', 'retriever', 'medium'),
('po709pet1', 'po709', 'dog', 'pug', 'small'),
('po709pet2', 'po709', 'dog', 'cihuahua', 'small'),
('po710pet0', 'po710', 'dog', 'pug', 'medium'),
('po710pet1', 'po710', 'dog', 'pug', 'medium'),
('po712pet0', 'po712', 'dog', 'pug', 'large'),
('po712pet1', 'po712', 'dog', 'cihuahua', 'small'),
('po713pet0', 'po713', 'dog', 'pug', 'large'),
('po713pet1', 'po713', 'dog', 'husky', 'medium'),
('po713pet2', 'po713', 'dog', 'pug', 'medium'),
('po714pet0', 'po714', 'cat', 'siamese', 'medium'),
('po714pet1', 'po714', 'cat', 'persian', 'medium'),
('po715pet0', 'po715', 'cat', 'sphynx', 'small'),
('po716pet0', 'po716', 'dog', 'cihuahua', 'large'),
('po716pet1', 'po716', 'cat', 'siamese', 'small'),
('po717pet0', 'po717', 'dog', 'husky', 'small'),
('po717pet1', 'po717', 'cat', 'siamese', 'small'),
('po717pet2', 'po717', 'cat', 'sphynx', 'medium'),
('po718pet0', 'po718', 'cat', 'persian', 'large'),
('po719pet0', 'po719', 'dog', 'retriever', 'medium'),
('po719pet1', 'po719', 'dog', 'cihuahua', 'small'),
('po719pet2', 'po719', 'dog', 'retriever', 'large'),
('po721pet0', 'po721', 'dog', 'husky', 'small'),
('po722pet0', 'po722', 'cat', 'persian', 'large'),
('po724pet0', 'po724', 'dog', 'retriever', 'medium'),
('po725pet0', 'po725', 'dog', 'retriever', 'medium'),
('po725pet1', 'po725', 'dog', 'cihuahua', 'large'),
('po725pet2', 'po725', 'cat', 'persian', 'large'),
('po726pet0', 'po726', 'dog', 'husky', 'large'),
('po726pet1', 'po726', 'cat', 'siamese', 'small'),
('po728pet0', 'po728', 'dog', 'pug', 'medium'),
('po730pet0', 'po730', 'dog', 'retriever', 'medium'),
('po730pet1', 'po730', 'cat', 'sphynx', 'small'),
('po730pet2', 'po730', 'cat', 'sphynx', 'large'),
('po731pet0', 'po731', 'dog', 'cihuahua', 'large'),
('po731pet1', 'po731', 'dog', 'pug', 'large'),
('po732pet0', 'po732', 'dog', 'pug', 'medium'),
('po732pet1', 'po732', 'dog', 'retriever', 'medium'),
('po732pet2', 'po732', 'cat', 'persian', 'medium'),
('po733pet0', 'po733', 'dog', 'retriever', 'large'),
('po733pet1', 'po733', 'cat', 'sphynx', 'small'),
('po733pet2', 'po733', 'cat', 'siamese', 'small'),
('po734pet0', 'po734', 'dog', 'pug', 'small'),
('po734pet1', 'po734', 'dog', 'husky', 'medium'),
('po735pet0', 'po735', 'dog', 'husky', 'medium'),
('po735pet1', 'po735', 'cat', 'persian', 'small'),
('po736pet0', 'po736', 'dog', 'pug', 'small'),
('po739pet0', 'po739', 'cat', 'siamese', 'large'),
('po739pet1', 'po739', 'dog', 'husky', 'medium'),
('po739pet2', 'po739', 'dog', 'retriever', 'large'),
('po740pet0', 'po740', 'cat', 'persian', 'medium'),
('po740pet1', 'po740', 'cat', 'siamese', 'large'),
('po741pet0', 'po741', 'dog', 'pug', 'medium'),
('po741pet1', 'po741', 'cat', 'sphynx', 'large'),
('po742pet0', 'po742', 'cat', 'persian', 'small'),
('po744pet0', 'po744', 'cat', 'persian', 'small'),
('po746pet0', 'po746', 'dog', 'retriever', 'large'),
('po746pet1', 'po746', 'cat', 'siamese', 'small'),
('po746pet2', 'po746', 'cat', 'persian', 'medium'),
('po747pet0', 'po747', 'dog', 'husky', 'medium'),
('po747pet1', 'po747', 'dog', 'husky', 'large'),
('po748pet0', 'po748', 'dog', 'cihuahua', 'large'),
('po748pet1', 'po748', 'dog', 'cihuahua', 'large'),
('po749pet0', 'po749', 'dog', 'cihuahua', 'small'),
('po750pet0', 'po750', 'cat', 'siamese', 'medium'),
('po750pet1', 'po750', 'dog', 'cihuahua', 'small'),
('po751pet0', 'po751', 'dog', 'cihuahua', 'small'),
('po751pet1', 'po751', 'cat', 'sphynx', 'medium'),
('po751pet2', 'po751', 'cat', 'siamese', 'small'),
('po752pet0', 'po752', 'dog', 'cihuahua', 'small'),
('po752pet1', 'po752', 'cat', 'siamese', 'large'),
('po753pet0', 'po753', 'cat', 'persian', 'large'),
('po753pet1', 'po753', 'cat', 'sphynx', 'small'),
('po754pet0', 'po754', 'cat', 'siamese', 'medium'),
('po755pet0', 'po755', 'dog', 'retriever', 'medium'),
('po755pet1', 'po755', 'dog', 'husky', 'medium'),
('po755pet2', 'po755', 'dog', 'pug', 'large'),
('po756pet0', 'po756', 'dog', 'husky', 'large'),
('po756pet1', 'po756', 'dog', 'retriever', 'medium'),
('po757pet0', 'po757', 'cat', 'siamese', 'medium'),
('po758pet0', 'po758', 'dog', 'retriever', 'small'),
('po758pet1', 'po758', 'dog', 'retriever', 'medium'),
('po761pet0', 'po761', 'dog', 'cihuahua', 'small'),
('po761pet1', 'po761', 'dog', 'cihuahua', 'medium'),
('po762pet0', 'po762', 'cat', 'persian', 'large'),
('po763pet0', 'po763', 'dog', 'pug', 'large'),
('po763pet1', 'po763', 'dog', 'pug', 'medium'),
('po763pet2', 'po763', 'cat', 'siamese', 'medium'),
('po764pet0', 'po764', 'dog', 'retriever', 'small'),
('po764pet1', 'po764', 'cat', 'sphynx', 'large'),
('po766pet0', 'po766', 'dog', 'cihuahua', 'large'),
('po766pet1', 'po766', 'cat', 'siamese', 'small'),
('po766pet2', 'po766', 'cat', 'siamese', 'large'),
('po768pet0', 'po768', 'cat', 'sphynx', 'large'),
('po768pet1', 'po768', 'cat', 'siamese', 'medium'),
('po772pet0', 'po772', 'dog', 'pug', 'small'),
('po772pet1', 'po772', 'dog', 'retriever', 'large'),
('po773pet0', 'po773', 'dog', 'cihuahua', 'medium'),
('po774pet0', 'po774', 'dog', 'husky', 'large'),
('po775pet0', 'po775', 'dog', 'husky', 'medium'),
('po775pet1', 'po775', 'cat', 'siamese', 'large'),
('po776pet0', 'po776', 'dog', 'pug', 'large'),
('po777pet0', 'po777', 'cat', 'sphynx', 'small'),
('po777pet1', 'po777', 'dog', 'retriever', 'small'),
('po777pet2', 'po777', 'dog', 'retriever', 'medium'),
('po778pet0', 'po778', 'cat', 'siamese', 'small'),
('po778pet1', 'po778', 'cat', 'siamese', 'large'),
('po778pet2', 'po778', 'dog', 'retriever', 'small'),
('po779pet0', 'po779', 'cat', 'siamese', 'medium'),
('po779pet1', 'po779', 'dog', 'pug', 'large'),
('po780pet0', 'po780', 'cat', 'persian', 'medium'),
('po780pet1', 'po780', 'dog', 'husky', 'small'),
('po780pet2', 'po780', 'cat', 'sphynx', 'large'),
('po782pet0', 'po782', 'cat', 'persian', 'large'),
('po784pet0', 'po784', 'dog', 'pug', 'large'),
('po784pet1', 'po784', 'cat', 'sphynx', 'large'),
('po784pet2', 'po784', 'dog', 'husky', 'large'),
('po786pet0', 'po786', 'dog', 'retriever', 'medium'),
('po787pet0', 'po787', 'dog', 'cihuahua', 'medium'),
('po788pet0', 'po788', 'dog', 'cihuahua', 'large'),
('po788pet1', 'po788', 'cat', 'siamese', 'small'),
('po788pet2', 'po788', 'dog', 'retriever', 'small'),
('po789pet0', 'po789', 'cat', 'siamese', 'large'),
('po789pet1', 'po789', 'cat', 'persian', 'large'),
('po790pet0', 'po790', 'cat', 'persian', 'medium'),
('po791pet0', 'po791', 'cat', 'sphynx', 'large'),
('po791pet1', 'po791', 'dog', 'husky', 'medium'),
('po796pet0', 'po796', 'cat', 'persian', 'medium'),
('po799pet0', 'po799', 'cat', 'siamese', 'medium'),
('po799pet1', 'po799', 'dog', 'husky', 'large'),
('po800pet0', 'po800', 'cat', 'siamese', 'medium'),
('po802pet0', 'po802', 'dog', 'pug', 'small'),
('po802pet1', 'po802', 'dog', 'cihuahua', 'medium'),
('po802pet2', 'po802', 'dog', 'husky', 'small'),
('po803pet0', 'po803', 'cat', 'siamese', 'large'),
('po803pet1', 'po803', 'cat', 'siamese', 'small'),
('po803pet2', 'po803', 'dog', 'retriever', 'large'),
('po804pet0', 'po804', 'cat', 'siamese', 'medium'),
('po805pet0', 'po805', 'cat', 'sphynx', 'large'),
('po806pet0', 'po806', 'dog', 'cihuahua', 'large'),
('po806pet1', 'po806', 'cat', 'siamese', 'medium'),
('po806pet2', 'po806', 'dog', 'husky', 'medium'),
('po809pet0', 'po809', 'dog', 'retriever', 'large'),
('po809pet1', 'po809', 'dog', 'cihuahua', 'medium'),
('po811pet0', 'po811', 'cat', 'persian', 'medium'),
('po811pet1', 'po811', 'cat', 'persian', 'medium'),
('po811pet2', 'po811', 'dog', 'pug', 'medium'),
('po813pet0', 'po813', 'cat', 'siamese', 'medium'),
('po817pet0', 'po817', 'dog', 'pug', 'small'),
('po817pet1', 'po817', 'dog', 'pug', 'medium'),
('po817pet2', 'po817', 'dog', 'pug', 'medium'),
('po819pet0', 'po819', 'dog', 'pug', 'small'),
('po819pet1', 'po819', 'dog', 'retriever', 'small'),
('po820pet0', 'po820', 'dog', 'cihuahua', 'medium'),
('po820pet1', 'po820', 'dog', 'husky', 'medium'),
('po820pet2', 'po820', 'cat', 'persian', 'small'),
('po822pet0', 'po822', 'cat', 'sphynx', 'small'),
('po822pet1', 'po822', 'dog', 'retriever', 'small'),
('po822pet2', 'po822', 'dog', 'pug', 'small'),
('po823pet0', 'po823', 'cat', 'siamese', 'large'),
('po823pet1', 'po823', 'cat', 'sphynx', 'small'),
('po823pet2', 'po823', 'cat', 'siamese', 'small'),
('po824pet0', 'po824', 'dog', 'cihuahua', 'small'),
('po825pet0', 'po825', 'cat', 'sphynx', 'medium'),
('po825pet1', 'po825', 'dog', 'retriever', 'large'),
('po825pet2', 'po825', 'cat', 'persian', 'large'),
('po826pet0', 'po826', 'cat', 'sphynx', 'small'),
('po827pet0', 'po827', 'cat', 'persian', 'large'),
('po827pet1', 'po827', 'dog', 'cihuahua', 'large'),
('po827pet2', 'po827', 'dog', 'husky', 'medium'),
('po828pet0', 'po828', 'cat', 'siamese', 'medium'),
('po828pet1', 'po828', 'dog', 'pug', 'large'),
('po832pet0', 'po832', 'dog', 'retriever', 'small'),
('po832pet1', 'po832', 'dog', 'pug', 'medium'),
('po834pet0', 'po834', 'cat', 'sphynx', 'small'),
('po834pet1', 'po834', 'cat', 'siamese', 'medium'),
('po835pet0', 'po835', 'dog', 'husky', 'medium'),
('po836pet0', 'po836', 'cat', 'sphynx', 'small'),
('po836pet1', 'po836', 'cat', 'siamese', 'large'),
('po837pet0', 'po837', 'cat', 'siamese', 'medium'),
('po838pet0', 'po838', 'dog', 'retriever', 'medium'),
('po840pet0', 'po840', 'cat', 'persian', 'small'),
('po840pet1', 'po840', 'dog', 'husky', 'small'),
('po840pet2', 'po840', 'cat', 'persian', 'small'),
('po841pet0', 'po841', 'dog', 'retriever', 'large'),
('po841pet1', 'po841', 'dog', 'husky', 'medium'),
('po842pet0', 'po842', 'dog', 'retriever', 'medium'),
('po843pet0', 'po843', 'dog', 'cihuahua', 'small'),
('po843pet1', 'po843', 'cat', 'siamese', 'large'),
('po843pet2', 'po843', 'dog', 'husky', 'large'),
('po844pet0', 'po844', 'dog', 'husky', 'large'),
('po844pet1', 'po844', 'cat', 'siamese', 'small'),
('po845pet0', 'po845', 'cat', 'sphynx', 'large'),
('po845pet1', 'po845', 'cat', 'sphynx', 'large'),
('po0pet4', 'po0', 'dog', 'husky', 'small');

-- caretakers
INSERT into users (email, username, password, address, city, country, postal_code) VALUES ('fct0@petsos.com', 'fct0', 'fct0', 'Haji Lane 0', 'Singapore', 'Singapore', 10514),
('fct1@petsos.com', 'fct1', 'fct1', 'Haji Lane 1', 'Singapore', 'Singapore', 10231),
('fct2@petsos.com', 'fct2', 'fct2', 'Haji Lane 2', 'Singapore', 'Singapore', 10270),
('fct3@petsos.com', 'fct3', 'fct3', 'Haji Lane 3', 'Singapore', 'Singapore', 10825),
('fct4@petsos.com', 'fct4', 'fct4', 'Haji Lane 4', 'Singapore', 'Singapore', 10752),
('fct5@petsos.com', 'fct5', 'fct5', 'Haji Lane 5', 'Singapore', 'Singapore', 10666),
('fct6@petsos.com', 'fct6', 'fct6', 'Haji Lane 6', 'Singapore', 'Singapore', 10553),
('fct7@petsos.com', 'fct7', 'fct7', 'Haji Lane 7', 'Singapore', 'Singapore', 10764),
('fct8@petsos.com', 'fct8', 'fct8', 'Haji Lane 8', 'Singapore', 'Singapore', 10248),
('fct9@petsos.com', 'fct9', 'fct9', 'Haji Lane 9', 'Singapore', 'Singapore', 10772),
('fct10@petsos.com', 'fct10', 'fct10', 'Haji Lane 10', 'Singapore', 'Singapore', 10212),
('fct11@petsos.com', 'fct11', 'fct11', 'Haji Lane 11', 'Singapore', 'Singapore', 10498),
('fct12@petsos.com', 'fct12', 'fct12', 'Haji Lane 12', 'Singapore', 'Singapore', 10091),
('fct13@petsos.com', 'fct13', 'fct13', 'Haji Lane 13', 'Singapore', 'Singapore', 10221),
('fct14@petsos.com', 'fct14', 'fct14', 'Haji Lane 14', 'Singapore', 'Singapore', 10102),
('fct15@petsos.com', 'fct15', 'fct15', 'Haji Lane 15', 'Singapore', 'Singapore', 10735),
('fct16@petsos.com', 'fct16', 'fct16', 'Haji Lane 16', 'Singapore', 'Singapore', 10187),
('fct17@petsos.com', 'fct17', 'fct17', 'Haji Lane 17', 'Singapore', 'Singapore', 10789),
('fct18@petsos.com', 'fct18', 'fct18', 'Haji Lane 18', 'Singapore', 'Singapore', 10791),
('fct19@petsos.com', 'fct19', 'fct19', 'Haji Lane 19', 'Singapore', 'Singapore', 10174),
('fct20@petsos.com', 'fct20', 'fct20', 'Haji Lane 20', 'Singapore', 'Singapore', 10650),
('fct21@petsos.com', 'fct21', 'fct21', 'Haji Lane 21', 'Singapore', 'Singapore', 10749),
('fct22@petsos.com', 'fct22', 'fct22', 'Haji Lane 22', 'Singapore', 'Singapore', 10330),
('fct23@petsos.com', 'fct23', 'fct23', 'Haji Lane 23', 'Singapore', 'Singapore', 10506),
('fct25@petsos.com', 'fct25', 'fct25', 'Haji Lane 25', 'Singapore', 'Singapore', 10447);

INSERT into caretakers(ctuname, ct_type) VALUES ('fct0', 'full-time'),
('fct1', 'full-time'),
('fct2', 'full-time'),
('fct3', 'full-time'),
('fct4', 'full-time'),
('fct5', 'full-time'),
('fct6', 'full-time'),
('fct7', 'full-time'),
('fct8', 'full-time'),
('fct9', 'full-time'),
('fct10', 'full-time'),
('fct11', 'full-time'),
('fct12', 'full-time'),
('fct13', 'full-time'),
('fct14', 'full-time'),
('fct15', 'full-time'),
('fct16', 'full-time'),
('fct17', 'full-time'),
('fct18', 'full-time'),
('fct19', 'full-time'),
('fct20', 'full-time'),
('fct21', 'full-time'),
('fct22', 'full-time'),
('fct23', 'full-time'),
('fct25', 'full-time');

INSERT INTO availability_span(ctuname, start_date, end_date) VALUES ('fct0', '2020-10-27', '2021-07-16'),
('fct1', '2020-09-21', '2021-04-15'),
('fct2', '2020-09-24', '2021-04-13'),
('fct3', '2020-10-28', '2021-09-12'),
('fct4', '2020-09-26', '2021-06-24'),
('fct5', '2020-09-27', '2021-04-15'),
('fct6', '2020-08-26', '2021-02-18'),
('fct7', '2020-09-04', '2021-06-10'),
('fct8', '2020-10-22', '2021-06-30'),
('fct9', '2020-10-13', '2021-08-08'),
('fct10', '2020-09-12', '2021-04-20'),
('fct11', '2020-08-21', '2021-03-13'),
('fct12', '2020-10-15', '2021-09-29'),
('fct13', '2020-10-11', '2021-05-13'),
('fct14', '2020-09-17', '2021-07-20'),
('fct15', '2020-10-08', '2021-03-18'),
('fct16', '2020-08-29', '2021-08-02'),
('fct17', '2020-11-03', '2021-05-06'),
('fct18', '2020-08-16', '2021-05-13'),
('fct19', '2020-10-16', '2021-08-08'),
('fct20', '2020-10-04', '2021-05-22'),
('fct21', '2020-09-30', '2021-07-27'),
('fct22', '2020-09-18', '2021-07-21'),
('fct23', '2020-10-12', '2021-04-28'),
('fct25', '2020-08-28', '2021-08-26');

INSERT INTO is_capable(ctuname, species, breed, size) VALUES ('fct0', 'dog', 'husky', 'small'),
('fct0', 'dog', 'husky', 'medium'),
('fct0', 'dog', 'husky', 'large'),
('fct0', 'dog', 'retriever', 'small'),
('fct0', 'dog', 'retriever', 'medium'),
('fct0', 'dog', 'retriever', 'large'),
('fct0', 'dog', 'pug', 'small'),
('fct1', 'dog', 'husky', 'small'),
('fct1', 'dog', 'husky', 'medium'),
('fct1', 'dog', 'husky', 'large'),
('fct1', 'dog', 'retriever', 'small'),
('fct1', 'dog', 'retriever', 'medium'),
('fct2', 'dog', 'husky', 'small'),
('fct4', 'dog', 'husky', 'small'),
('fct4', 'dog', 'husky', 'medium'),
('fct5', 'dog', 'husky', 'small'),
('fct5', 'dog', 'husky', 'medium'),
('fct7', 'dog', 'husky', 'small'),
('fct7', 'dog', 'husky', 'medium'),
('fct7', 'dog', 'husky', 'large'),
('fct7', 'dog', 'retriever', 'small'),
('fct8', 'dog', 'husky', 'small'),
('fct8', 'dog', 'husky', 'medium'),
('fct8', 'dog', 'husky', 'large'),
('fct8', 'dog', 'retriever', 'small'),
('fct9', 'dog', 'husky', 'small'),
('fct9', 'dog', 'husky', 'medium'),
('fct9', 'dog', 'husky', 'large'),
('fct9', 'dog', 'retriever', 'small'),
('fct9', 'dog', 'retriever', 'medium'),
('fct10', 'dog', 'husky', 'small'),
('fct10', 'dog', 'husky', 'medium'),
('fct10', 'dog', 'husky', 'large'),
('fct11', 'dog', 'husky', 'small'),
('fct11', 'dog', 'husky', 'medium'),
('fct11', 'dog', 'husky', 'large'),
('fct11', 'dog', 'retriever', 'small'),
('fct11', 'dog', 'retriever', 'medium'),
('fct11', 'dog', 'retriever', 'large'),
('fct13', 'dog', 'husky', 'small'),
('fct13', 'dog', 'husky', 'medium'),
('fct13', 'dog', 'husky', 'large'),
('fct13', 'dog', 'retriever', 'small'),
('fct13', 'dog', 'retriever', 'medium'),
('fct13', 'dog', 'retriever', 'large'),
('fct13', 'dog', 'pug', 'small'),
('fct14', 'dog', 'husky', 'small'),
('fct14', 'dog', 'husky', 'medium'),
('fct14', 'dog', 'husky', 'large'),
('fct14', 'dog', 'retriever', 'small'),
('fct15', 'dog', 'husky', 'small'),
('fct16', 'dog', 'husky', 'small'),
('fct17', 'dog', 'husky', 'small'),
('fct17', 'dog', 'husky', 'medium'),
('fct17', 'dog', 'husky', 'large'),
('fct17', 'dog', 'retriever', 'small'),
('fct18', 'dog', 'husky', 'small'),
('fct18', 'dog', 'husky', 'medium'),
('fct18', 'dog', 'husky', 'large'),
('fct18', 'dog', 'retriever', 'small'),
('fct18', 'dog', 'retriever', 'medium'),
('fct18', 'dog', 'retriever', 'large'),
('fct18', 'dog', 'pug', 'small'),
('fct19', 'dog', 'husky', 'small'),
('fct19', 'dog', 'husky', 'medium'),
('fct19', 'dog', 'husky', 'large'),
('fct19', 'dog', 'retriever', 'small'),
('fct19', 'dog', 'retriever', 'medium'),
('fct20', 'dog', 'husky', 'small'),
('fct20', 'dog', 'husky', 'medium'),
('fct20', 'dog', 'husky', 'large'),
('fct20', 'dog', 'retriever', 'small'),
('fct20', 'dog', 'retriever', 'medium'),
('fct20', 'dog', 'retriever', 'large'),
('fct20', 'dog', 'pug', 'small'),
('fct21', 'dog', 'husky', 'small'),
('fct21', 'dog', 'husky', 'medium'),
('fct21', 'dog', 'husky', 'large'),
('fct21', 'dog', 'retriever', 'small'),
('fct21', 'dog', 'retriever', 'medium'),
('fct22', 'dog', 'husky', 'small'),
('fct22', 'dog', 'husky', 'medium'),
('fct22', 'dog', 'husky', 'large'),
('fct23', 'dog', 'husky', 'small'),
('fct23', 'dog', 'husky', 'medium'),
('fct25', 'dog', 'husky', 'small');