
INSERT into users (email, username, password, address, city, country, postal_code) VALUES ('pct0@petsos.com', 'pct0', 'pct0', 'Haji Lane 0', 'Singapore', 'Singapore', 10553),
('pct1@petsos.com', 'pct1', 'pct1', 'Haji Lane 1', 'Singapore', 'Singapore', 10240),
('pct2@petsos.com', 'pct2', 'pct2', 'Haji Lane 2', 'Singapore', 'Singapore', 10821),
('pct3@petsos.com', 'pct3', 'pct3', 'Haji Lane 3', 'Singapore', 'Singapore', 10466),
('pct4@petsos.com', 'pct4', 'pct4', 'Haji Lane 4', 'Singapore', 'Singapore', 10631),
('pct5@petsos.com', 'pct5', 'pct5', 'Haji Lane 5', 'Singapore', 'Singapore', 10241),
('pct6@petsos.com', 'pct6', 'pct6', 'Haji Lane 6', 'Singapore', 'Singapore', 10761),
('pct7@petsos.com', 'pct7', 'pct7', 'Haji Lane 7', 'Singapore', 'Singapore', 10562),
('pct8@petsos.com', 'pct8', 'pct8', 'Haji Lane 8', 'Singapore', 'Singapore', 10638),
('pct9@petsos.com', 'pct9', 'pct9', 'Haji Lane 9', 'Singapore', 'Singapore', 10758),
('pct10@petsos.com', 'pct10', 'pct10', 'Haji Lane 10', 'Singapore', 'Singapore', 10533),
('pct11@petsos.com', 'pct11', 'pct11', 'Haji Lane 11', 'Singapore', 'Singapore', 10296),
('pct12@petsos.com', 'pct12', 'pct12', 'Haji Lane 12', 'Singapore', 'Singapore', 10247),
('pct13@petsos.com', 'pct13', 'pct13', 'Haji Lane 13', 'Singapore', 'Singapore', 10709),
('pct14@petsos.com', 'pct14', 'pct14', 'Haji Lane 14', 'Singapore', 'Singapore', 10542),
('pct15@petsos.com', 'pct15', 'pct15', 'Haji Lane 15', 'Singapore', 'Singapore', 10649),
('pct16@petsos.com', 'pct16', 'pct16', 'Haji Lane 16', 'Singapore', 'Singapore', 10373),
('pct17@petsos.com', 'pct17', 'pct17', 'Haji Lane 17', 'Singapore', 'Singapore', 10138),
('pct18@petsos.com', 'pct18', 'pct18', 'Haji Lane 18', 'Singapore', 'Singapore', 10608),
('pct19@petsos.com', 'pct19', 'pct19', 'Haji Lane 19', 'Singapore', 'Singapore', 10625),
('pct20@petsos.com', 'pct20', 'pct20', 'Haji Lane 20', 'Singapore', 'Singapore', 10219),
('pct21@petsos.com', 'pct21', 'pct21', 'Haji Lane 21', 'Singapore', 'Singapore', 10414),
('pct22@petsos.com', 'pct22', 'pct22', 'Haji Lane 22', 'Singapore', 'Singapore', 10109),
('pct23@petsos.com', 'pct23', 'pct23', 'Haji Lane 23', 'Singapore', 'Singapore', 10797),
('pct24@petsos.com', 'pct24', 'pct24', 'Haji Lane 24', 'Singapore', 'Singapore', 10227),
('pct25@petsos.com', 'pct25', 'pct25', 'Haji Lane 25', 'Singapore', 'Singapore', 10262),
('pct26@petsos.com', 'pct26', 'pct26', 'Haji Lane 26', 'Singapore', 'Singapore', 10316),
('pct27@petsos.com', 'pct27', 'pct27', 'Haji Lane 27', 'Singapore', 'Singapore', 10617),
('pct28@petsos.com', 'pct28', 'pct28', 'Haji Lane 28', 'Singapore', 'Singapore', 10324),
('pct29@petsos.com', 'pct29', 'pct29', 'Haji Lane 29', 'Singapore', 'Singapore', 10487),
('pct30@petsos.com', 'pct30', 'pct30', 'Haji Lane 30', 'Singapore', 'Singapore', 10779),
('pct31@petsos.com', 'pct31', 'pct31', 'Haji Lane 31', 'Singapore', 'Singapore', 10332),
('pct32@petsos.com', 'pct32', 'pct32', 'Haji Lane 32', 'Singapore', 'Singapore', 10387),
('pct33@petsos.com', 'pct33', 'pct33', 'Haji Lane 33', 'Singapore', 'Singapore', 10682),
('pct34@petsos.com', 'pct34', 'pct34', 'Haji Lane 34', 'Singapore', 'Singapore', 10635),
('pct35@petsos.com', 'pct35', 'pct35', 'Haji Lane 35', 'Singapore', 'Singapore', 10642),
('pct36@petsos.com', 'pct36', 'pct36', 'Haji Lane 36', 'Singapore', 'Singapore', 10695),
('pct37@petsos.com', 'pct37', 'pct37', 'Haji Lane 37', 'Singapore', 'Singapore', 10814),
('pct38@petsos.com', 'pct38', 'pct38', 'Haji Lane 38', 'Singapore', 'Singapore', 10192),
('pct39@petsos.com', 'pct39', 'pct39', 'Haji Lane 39', 'Singapore', 'Singapore', 10055),
('pct40@petsos.com', 'pct40', 'pct40', 'Haji Lane 40', 'Singapore', 'Singapore', 10776),
('pct41@petsos.com', 'pct41', 'pct41', 'Haji Lane 41', 'Singapore', 'Singapore', 10361),
('pct42@petsos.com', 'pct42', 'pct42', 'Haji Lane 42', 'Singapore', 'Singapore', 10555),
('pct43@petsos.com', 'pct43', 'pct43', 'Haji Lane 43', 'Singapore', 'Singapore', 10416),
('pct44@petsos.com', 'pct44', 'pct44', 'Haji Lane 44', 'Singapore', 'Singapore', 10544),
('pct45@petsos.com', 'pct45', 'pct45', 'Haji Lane 45', 'Singapore', 'Singapore', 10258),
('pct46@petsos.com', 'pct46', 'pct46', 'Haji Lane 46', 'Singapore', 'Singapore', 10531),
('pct47@petsos.com', 'pct47', 'pct47', 'Haji Lane 47', 'Singapore', 'Singapore', 10574),
('pct48@petsos.com', 'pct48', 'pct48', 'Haji Lane 48', 'Singapore', 'Singapore', 10026),
('pct49@petsos.com', 'pct49', 'pct49', 'Haji Lane 49', 'Singapore', 'Singapore', 10435),
('pct50@petsos.com', 'pct50', 'pct50', 'Haji Lane 50', 'Singapore', 'Singapore', 10257),
('pct51@petsos.com', 'pct51', 'pct51', 'Haji Lane 51', 'Singapore', 'Singapore', 10066),
('pct52@petsos.com', 'pct52', 'pct52', 'Haji Lane 52', 'Singapore', 'Singapore', 10711),
('pct53@petsos.com', 'pct53', 'pct53', 'Haji Lane 53', 'Singapore', 'Singapore', 10220),
('pct54@petsos.com', 'pct54', 'pct54', 'Haji Lane 54', 'Singapore', 'Singapore', 10743),
('pct55@petsos.com', 'pct55', 'pct55', 'Haji Lane 55', 'Singapore', 'Singapore', 10468),
('pct56@petsos.com', 'pct56', 'pct56', 'Haji Lane 56', 'Singapore', 'Singapore', 10660),
('pct57@petsos.com', 'pct57', 'pct57', 'Haji Lane 57', 'Singapore', 'Singapore', 10105),
('pct58@petsos.com', 'pct58', 'pct58', 'Haji Lane 58', 'Singapore', 'Singapore', 10211),
('pct59@petsos.com', 'pct59', 'pct59', 'Haji Lane 59', 'Singapore', 'Singapore', 10062),
('pct60@petsos.com', 'pct60', 'pct60', 'Haji Lane 60', 'Singapore', 'Singapore', 10675),
('pct61@petsos.com', 'pct61', 'pct61', 'Haji Lane 61', 'Singapore', 'Singapore', 10746),
('pct62@petsos.com', 'pct62', 'pct62', 'Haji Lane 62', 'Singapore', 'Singapore', 10532),
('pct63@petsos.com', 'pct63', 'pct63', 'Haji Lane 63', 'Singapore', 'Singapore', 10283),
('pct64@petsos.com', 'pct64', 'pct64', 'Haji Lane 64', 'Singapore', 'Singapore', 10525),
('pct65@petsos.com', 'pct65', 'pct65', 'Haji Lane 65', 'Singapore', 'Singapore', 10361),
('pct66@petsos.com', 'pct66', 'pct66', 'Haji Lane 66', 'Singapore', 'Singapore', 10200),
('pct67@petsos.com', 'pct67', 'pct67', 'Haji Lane 67', 'Singapore', 'Singapore', 10727),
('pct68@petsos.com', 'pct68', 'pct68', 'Haji Lane 68', 'Singapore', 'Singapore', 10654),
('pct69@petsos.com', 'pct69', 'pct69', 'Haji Lane 69', 'Singapore', 'Singapore', 10448),
('pct70@petsos.com', 'pct70', 'pct70', 'Haji Lane 70', 'Singapore', 'Singapore', 10048),
('pct71@petsos.com', 'pct71', 'pct71', 'Haji Lane 71', 'Singapore', 'Singapore', 10134),
('pct72@petsos.com', 'pct72', 'pct72', 'Haji Lane 72', 'Singapore', 'Singapore', 10275),
('pct73@petsos.com', 'pct73', 'pct73', 'Haji Lane 73', 'Singapore', 'Singapore', 10787),
('pct74@petsos.com', 'pct74', 'pct74', 'Haji Lane 74', 'Singapore', 'Singapore', 10750),
('pct75@petsos.com', 'pct75', 'pct75', 'Haji Lane 75', 'Singapore', 'Singapore', 10446),
('pct76@petsos.com', 'pct76', 'pct76', 'Haji Lane 76', 'Singapore', 'Singapore', 10294),
('pct77@petsos.com', 'pct77', 'pct77', 'Haji Lane 77', 'Singapore', 'Singapore', 10760),
('pct78@petsos.com', 'pct78', 'pct78', 'Haji Lane 78', 'Singapore', 'Singapore', 10704),
('pct79@petsos.com', 'pct79', 'pct79', 'Haji Lane 79', 'Singapore', 'Singapore', 10556),
('pct80@petsos.com', 'pct80', 'pct80', 'Haji Lane 80', 'Singapore', 'Singapore', 10781),
('pct81@petsos.com', 'pct81', 'pct81', 'Haji Lane 81', 'Singapore', 'Singapore', 10260),
('pct82@petsos.com', 'pct82', 'pct82', 'Haji Lane 82', 'Singapore', 'Singapore', 10760),
('pct83@petsos.com', 'pct83', 'pct83', 'Haji Lane 83', 'Singapore', 'Singapore', 10762),
('pct84@petsos.com', 'pct84', 'pct84', 'Haji Lane 84', 'Singapore', 'Singapore', 10289),
('pct85@petsos.com', 'pct85', 'pct85', 'Haji Lane 85', 'Singapore', 'Singapore', 10684),
('pct86@petsos.com', 'pct86', 'pct86', 'Haji Lane 86', 'Singapore', 'Singapore', 10120),
('pct87@petsos.com', 'pct87', 'pct87', 'Haji Lane 87', 'Singapore', 'Singapore', 10108),
('pct88@petsos.com', 'pct88', 'pct88', 'Haji Lane 88', 'Singapore', 'Singapore', 10390),
('pct89@petsos.com', 'pct89', 'pct89', 'Haji Lane 89', 'Singapore', 'Singapore', 10549),
('pct90@petsos.com', 'pct90', 'pct90', 'Haji Lane 90', 'Singapore', 'Singapore', 10753),
('pct91@petsos.com', 'pct91', 'pct91', 'Haji Lane 91', 'Singapore', 'Singapore', 10371),
('pct92@petsos.com', 'pct92', 'pct92', 'Haji Lane 92', 'Singapore', 'Singapore', 10455),
('pct93@petsos.com', 'pct93', 'pct93', 'Haji Lane 93', 'Singapore', 'Singapore', 10454),
('pct94@petsos.com', 'pct94', 'pct94', 'Haji Lane 94', 'Singapore', 'Singapore', 10833),
('pct95@petsos.com', 'pct95', 'pct95', 'Haji Lane 95', 'Singapore', 'Singapore', 10589),
('pct96@petsos.com', 'pct96', 'pct96', 'Haji Lane 96', 'Singapore', 'Singapore', 10289),
('pct97@petsos.com', 'pct97', 'pct97', 'Haji Lane 97', 'Singapore', 'Singapore', 10496),
('pct98@petsos.com', 'pct98', 'pct98', 'Haji Lane 98', 'Singapore', 'Singapore', 10638),
('pct99@petsos.com', 'pct99', 'pct99', 'Haji Lane 99', 'Singapore', 'Singapore', 10541),
('pct100@petsos.com', 'pct100', 'pct100', 'Haji Lane 100', 'Singapore', 'Singapore', 10319),
('pct101@petsos.com', 'pct101', 'pct101', 'Haji Lane 101', 'Singapore', 'Singapore', 10633),
('pct102@petsos.com', 'pct102', 'pct102', 'Haji Lane 102', 'Singapore', 'Singapore', 10613),
('pct103@petsos.com', 'pct103', 'pct103', 'Haji Lane 103', 'Singapore', 'Singapore', 10490),
('pct104@petsos.com', 'pct104', 'pct104', 'Haji Lane 104', 'Singapore', 'Singapore', 10317),
('pct105@petsos.com', 'pct105', 'pct105', 'Haji Lane 105', 'Singapore', 'Singapore', 10550),
('pct106@petsos.com', 'pct106', 'pct106', 'Haji Lane 106', 'Singapore', 'Singapore', 10349),
('pct107@petsos.com', 'pct107', 'pct107', 'Haji Lane 107', 'Singapore', 'Singapore', 10831),
('pct108@petsos.com', 'pct108', 'pct108', 'Haji Lane 108', 'Singapore', 'Singapore', 10612),
('pct109@petsos.com', 'pct109', 'pct109', 'Haji Lane 109', 'Singapore', 'Singapore', 10691),
('pct110@petsos.com', 'pct110', 'pct110', 'Haji Lane 110', 'Singapore', 'Singapore', 10759),
('pct111@petsos.com', 'pct111', 'pct111', 'Haji Lane 111', 'Singapore', 'Singapore', 10404),
('pct112@petsos.com', 'pct112', 'pct112', 'Haji Lane 112', 'Singapore', 'Singapore', 10458),
('pct113@petsos.com', 'pct113', 'pct113', 'Haji Lane 113', 'Singapore', 'Singapore', 10454),
('pct114@petsos.com', 'pct114', 'pct114', 'Haji Lane 114', 'Singapore', 'Singapore', 10554),
('pct115@petsos.com', 'pct115', 'pct115', 'Haji Lane 115', 'Singapore', 'Singapore', 10674),
('pct116@petsos.com', 'pct116', 'pct116', 'Haji Lane 116', 'Singapore', 'Singapore', 10760),
('pct117@petsos.com', 'pct117', 'pct117', 'Haji Lane 117', 'Singapore', 'Singapore', 10161),
('pct118@petsos.com', 'pct118', 'pct118', 'Haji Lane 118', 'Singapore', 'Singapore', 10411),
('pct119@petsos.com', 'pct119', 'pct119', 'Haji Lane 119', 'Singapore', 'Singapore', 10236),
('pct120@petsos.com', 'pct120', 'pct120', 'Haji Lane 120', 'Singapore', 'Singapore', 10231),
('pct121@petsos.com', 'pct121', 'pct121', 'Haji Lane 121', 'Singapore', 'Singapore', 10778),
('pct122@petsos.com', 'pct122', 'pct122', 'Haji Lane 122', 'Singapore', 'Singapore', 10401),
('pct123@petsos.com', 'pct123', 'pct123', 'Haji Lane 123', 'Singapore', 'Singapore', 10088),
('pct125@petsos.com', 'pct125', 'pct125', 'Haji Lane 125', 'Singapore', 'Singapore', 10620);

INSERT into caretakers(ctuname, ct_type) VALUES ('pct0', 'part-time'),
('pct1', 'part-time'),
('pct2', 'part-time'),
('pct3', 'part-time'),
('pct4', 'part-time'),
('pct5', 'part-time'),
('pct6', 'part-time'),
('pct7', 'part-time'),
('pct8', 'part-time'),
('pct9', 'part-time'),
('pct10', 'part-time'),
('pct11', 'part-time'),
('pct12', 'part-time'),
('pct13', 'part-time'),
('pct14', 'part-time'),
('pct15', 'part-time'),
('pct16', 'part-time'),
('pct17', 'part-time'),
('pct18', 'part-time'),
('pct19', 'part-time'),
('pct20', 'part-time'),
('pct21', 'part-time'),
('pct22', 'part-time'),
('pct23', 'part-time'),
('pct24', 'part-time'),
('pct25', 'part-time'),
('pct26', 'part-time'),
('pct27', 'part-time'),
('pct28', 'part-time'),
('pct29', 'part-time'),
('pct30', 'part-time'),
('pct31', 'part-time'),
('pct32', 'part-time'),
('pct33', 'part-time'),
('pct34', 'part-time'),
('pct35', 'part-time'),
('pct36', 'part-time'),
('pct37', 'part-time'),
('pct38', 'part-time'),
('pct39', 'part-time'),
('pct40', 'part-time'),
('pct41', 'part-time'),
('pct42', 'part-time'),
('pct43', 'part-time'),
('pct44', 'part-time'),
('pct45', 'part-time'),
('pct46', 'part-time'),
('pct47', 'part-time'),
('pct48', 'part-time'),
('pct49', 'part-time'),
('pct50', 'part-time'),
('pct51', 'part-time'),
('pct52', 'part-time'),
('pct53', 'part-time'),
('pct54', 'part-time'),
('pct55', 'part-time'),
('pct56', 'part-time'),
('pct57', 'part-time'),
('pct58', 'part-time'),
('pct59', 'part-time'),
('pct60', 'part-time'),
('pct61', 'part-time'),
('pct62', 'part-time'),
('pct63', 'part-time'),
('pct64', 'part-time'),
('pct65', 'part-time'),
('pct66', 'part-time'),
('pct67', 'part-time'),
('pct68', 'part-time'),
('pct69', 'part-time'),
('pct70', 'part-time'),
('pct71', 'part-time'),
('pct72', 'part-time'),
('pct73', 'part-time'),
('pct74', 'part-time'),
('pct75', 'part-time'),
('pct76', 'part-time'),
('pct77', 'part-time'),
('pct78', 'part-time'),
('pct79', 'part-time'),
('pct80', 'part-time'),
('pct81', 'part-time'),
('pct82', 'part-time'),
('pct83', 'part-time'),
('pct84', 'part-time'),
('pct85', 'part-time'),
('pct86', 'part-time'),
('pct87', 'part-time'),
('pct88', 'part-time'),
('pct89', 'part-time'),
('pct90', 'part-time'),
('pct91', 'part-time'),
('pct92', 'part-time'),
('pct93', 'part-time'),
('pct94', 'part-time'),
('pct95', 'part-time'),
('pct96', 'part-time'),
('pct97', 'part-time'),
('pct98', 'part-time'),
('pct99', 'part-time'),
('pct100', 'part-time'),
('pct101', 'part-time'),
('pct102', 'part-time'),
('pct103', 'part-time'),
('pct104', 'part-time'),
('pct105', 'part-time'),
('pct106', 'part-time'),
('pct107', 'part-time'),
('pct108', 'part-time'),
('pct109', 'part-time'),
('pct110', 'part-time'),
('pct111', 'part-time'),
('pct112', 'part-time'),
('pct113', 'part-time'),
('pct114', 'part-time'),
('pct115', 'part-time'),
('pct116', 'part-time'),
('pct117', 'part-time'),
('pct118', 'part-time'),
('pct119', 'part-time'),
('pct120', 'part-time'),
('pct121', 'part-time'),
('pct122', 'part-time'),
('pct123', 'part-time'),
('pct125', 'part-time');

INSERT INTO availability_span(ctuname, start_date, end_date) VALUES ('pct0', '2020-08-24', '2021-05-29'),
('pct1', '2020-09-27', '2021-08-28'),
('pct2', '2020-09-17', '2021-08-30'),
('pct3', '2020-09-13', '2021-06-24'),
('pct4', '2020-09-28', '2021-05-21'),
('pct5', '2020-11-12', '2021-05-31'),
('pct6', '2020-10-19', '2021-03-28'),
('pct7', '2020-11-10', '2021-09-04'),
('pct8', '2020-08-25', '2021-08-01'),
('pct9', '2020-10-29', '2021-08-01'),
('pct10', '2020-11-09', '2021-10-07'),
('pct11', '2020-08-16', '2021-06-24'),
('pct12', '2020-09-06', '2021-08-01'),
('pct13', '2020-10-25', '2021-04-29'),
('pct14', '2020-10-05', '2021-07-08'),
('pct15', '2020-08-30', '2021-04-20'),
('pct16', '2020-09-21', '2021-08-07'),
('pct17', '2020-09-17', '2021-03-13'),
('pct18', '2020-10-30', '2021-05-03'),
('pct19', '2020-10-26', '2021-06-07'),
('pct20', '2020-11-01', '2021-08-27'),
('pct21', '2020-09-25', '2021-05-17'),
('pct22', '2020-09-12', '2021-05-05'),
('pct23', '2020-10-19', '2021-07-21'),
('pct24', '2020-08-27', '2021-04-16'),
('pct25', '2020-10-30', '2021-09-27'),
('pct26', '2020-11-03', '2021-09-11'),
('pct27', '2020-09-21', '2021-03-26'),
('pct28', '2020-10-01', '2021-05-26'),
('pct29', '2020-09-14', '2021-05-05'),
('pct30', '2020-09-04', '2021-06-27'),
('pct31', '2020-11-01', '2021-08-16'),
('pct32', '2020-08-18', '2021-04-16'),
('pct33', '2020-09-12', '2021-02-16'),
('pct34', '2020-10-25', '2021-09-23'),
('pct35', '2020-08-28', '2021-06-07'),
('pct36', '2020-09-26', '2021-07-12'),
('pct37', '2020-09-30', '2021-05-05'),
('pct38', '2020-10-27', '2021-04-06'),
('pct39', '2020-09-09', '2021-02-09'),
('pct40', '2020-09-29', '2021-06-26'),
('pct41', '2020-09-04', '2021-06-15'),
('pct42', '2020-08-20', '2021-05-16'),
('pct43', '2020-10-26', '2021-10-03'),
('pct44', '2020-09-12', '2021-07-21'),
('pct45', '2020-08-14', '2021-03-02'),
('pct46', '2020-10-12', '2021-06-12'),
('pct47', '2020-09-05', '2021-05-08'),
('pct48', '2020-08-26', '2021-03-05'),
('pct49', '2020-08-19', '2021-08-16'),
('pct50', '2020-10-05', '2021-10-03'),
('pct51', '2020-10-05', '2021-04-28'),
('pct52', '2020-08-22', '2021-04-20'),
('pct53', '2020-08-16', '2021-02-05'),
('pct54', '2020-09-06', '2021-04-27'),
('pct55', '2020-09-24', '2021-05-14'),
('pct56', '2020-10-09', '2021-05-06'),
('pct57', '2020-09-15', '2021-07-30'),
('pct58', '2020-11-12', '2021-08-13'),
('pct59', '2020-10-11', '2021-05-12'),
('pct60', '2020-08-26', '2021-03-15'),
('pct61', '2020-11-04', '2021-09-28'),
('pct62', '2020-09-04', '2021-06-12'),
('pct63', '2020-11-09', '2021-10-04'),
('pct64', '2020-09-18', '2021-02-25'),
('pct65', '2020-09-08', '2021-06-13'),
('pct66', '2020-10-15', '2021-07-12'),
('pct67', '2020-09-01', '2021-07-08'),
('pct68', '2020-09-03', '2021-08-04'),
('pct69', '2020-09-27', '2021-04-22'),
('pct70', '2020-08-26', '2021-07-31'),
('pct71', '2020-09-21', '2021-04-14'),
('pct72', '2020-10-05', '2021-04-13'),
('pct73', '2020-08-26', '2021-03-16'),
('pct74', '2020-08-17', '2021-05-28'),
('pct75', '2020-09-24', '2021-06-25'),
('pct76', '2020-10-24', '2021-07-07'),
('pct77', '2020-11-02', '2021-07-25'),
('pct78', '2020-09-03', '2021-03-07'),
('pct79', '2020-09-11', '2021-07-14'),
('pct80', '2020-08-21', '2021-03-03'),
('pct81', '2020-10-19', '2021-05-13'),
('pct82', '2020-09-04', '2021-07-26'),
('pct83', '2020-08-28', '2021-07-18'),
('pct84', '2020-10-20', '2021-10-02'),
('pct85', '2020-08-29', '2021-02-09'),
('pct86', '2020-08-27', '2021-08-17'),
('pct87', '2020-08-25', '2021-06-02'),
('pct88', '2020-10-15', '2021-09-10'),
('pct89', '2020-11-02', '2021-09-25'),
('pct90', '2020-11-08', '2021-05-05'),
('pct91', '2020-08-24', '2021-08-21'),
('pct92', '2020-10-20', '2021-08-13'),
('pct93', '2020-10-06', '2021-07-06'),
('pct94', '2020-10-11', '2021-07-27'),
('pct95', '2020-11-09', '2021-08-19'),
('pct96', '2020-09-23', '2021-05-09'),
('pct97', '2020-08-24', '2021-02-03'),
('pct98', '2020-08-23', '2021-07-10'),
('pct99', '2020-09-10', '2021-05-16'),
('pct100', '2020-10-21', '2021-04-01'),
('pct101', '2020-09-24', '2021-07-31'),
('pct102', '2020-10-27', '2021-09-26'),
('pct103', '2020-10-07', '2021-10-01'),
('pct104', '2020-09-08', '2021-06-21'),
('pct105', '2020-10-04', '2021-04-14'),
('pct106', '2020-09-16', '2021-08-13'),
('pct107', '2020-10-26', '2021-04-25'),
('pct108', '2020-10-11', '2021-04-22'),
('pct109', '2020-09-25', '2021-09-04'),
('pct110', '2020-11-01', '2021-08-11'),
('pct111', '2020-08-20', '2021-03-25'),
('pct112', '2020-11-09', '2021-08-11'),
('pct113', '2020-09-24', '2021-04-02'),
('pct114', '2020-10-28', '2021-04-07'),
('pct115', '2020-10-28', '2021-08-23'),
('pct116', '2020-08-16', '2021-01-31'),
('pct117', '2020-08-20', '2021-04-28'),
('pct118', '2020-10-08', '2021-08-05'),
('pct119', '2020-10-29', '2021-08-11'),
('pct120', '2020-10-02', '2021-05-15'),
('pct121', '2020-08-21', '2021-05-13'),
('pct122', '2020-09-16', '2021-05-04'),
('pct123', '2020-10-16', '2021-07-21'),
('pct125', '2020-09-22', '2021-03-27');

INSERT INTO is_capable(ctuname, species, breed, size) VALUES ('pct0', 'dog', 'husky', 'small'),
('pct0', 'dog', 'husky', 'medium'),
('pct0', 'dog', 'husky', 'large'),
('pct0', 'dog', 'retriever', 'small'),
('pct0', 'dog', 'retriever', 'medium'),
('pct1', 'dog', 'husky', 'small'),
('pct2', 'dog', 'husky', 'small'),
('pct2', 'dog', 'husky', 'medium'),
('pct3', 'dog', 'husky', 'small'),
('pct3', 'dog', 'husky', 'medium'),
('pct3', 'dog', 'husky', 'large'),
('pct3', 'dog', 'retriever', 'small'),
('pct3', 'dog', 'retriever', 'medium'),
('pct5', 'dog', 'husky', 'small'),
('pct6', 'dog', 'husky', 'small'),
('pct6', 'dog', 'husky', 'medium'),
('pct7', 'dog', 'husky', 'small'),
('pct7', 'dog', 'husky', 'medium'),
('pct7', 'dog', 'husky', 'large'),
('pct7', 'dog', 'retriever', 'small'),
('pct7', 'dog', 'retriever', 'medium'),
('pct8', 'dog', 'husky', 'small'),
('pct8', 'dog', 'husky', 'medium'),
('pct8', 'dog', 'husky', 'large'),
('pct8', 'dog', 'retriever', 'small'),
('pct8', 'dog', 'retriever', 'medium'),
('pct9', 'dog', 'husky', 'small'),
('pct9', 'dog', 'husky', 'medium'),
('pct9', 'dog', 'husky', 'large'),
('pct9', 'dog', 'retriever', 'small'),
('pct9', 'dog', 'retriever', 'medium'),
('pct10', 'dog', 'husky', 'small'),
('pct10', 'dog', 'husky', 'medium'),
('pct10', 'dog', 'husky', 'large'),
('pct12', 'dog', 'husky', 'small'),
('pct12', 'dog', 'husky', 'medium'),
('pct13', 'dog', 'husky', 'small'),
('pct13', 'dog', 'husky', 'medium'),
('pct14', 'dog', 'husky', 'small'),
('pct14', 'dog', 'husky', 'medium'),
('pct14', 'dog', 'husky', 'large'),
('pct14', 'dog', 'retriever', 'small'),
('pct14', 'dog', 'retriever', 'medium'),
('pct16', 'dog', 'husky', 'small'),
('pct16', 'dog', 'husky', 'medium'),
('pct16', 'dog', 'husky', 'large'),
('pct17', 'dog', 'husky', 'small'),
('pct17', 'dog', 'husky', 'medium'),
('pct17', 'dog', 'husky', 'large'),
('pct17', 'dog', 'retriever', 'small'),
('pct19', 'dog', 'husky', 'small'),
('pct19', 'dog', 'husky', 'medium'),
('pct19', 'dog', 'husky', 'large'),
('pct19', 'dog', 'retriever', 'small'),
('pct19', 'dog', 'retriever', 'medium'),
('pct20', 'dog', 'husky', 'small'),
('pct21', 'dog', 'husky', 'small'),
('pct21', 'dog', 'husky', 'medium'),
('pct21', 'dog', 'husky', 'large'),
('pct22', 'dog', 'husky', 'small'),
('pct22', 'dog', 'husky', 'medium'),
('pct22', 'dog', 'husky', 'large'),
('pct22', 'dog', 'retriever', 'small'),
('pct23', 'dog', 'husky', 'small'),
('pct23', 'dog', 'husky', 'medium'),
('pct23', 'dog', 'husky', 'large'),
('pct24', 'dog', 'husky', 'small'),
('pct24', 'dog', 'husky', 'medium'),
('pct24', 'dog', 'husky', 'large'),
('pct25', 'dog', 'husky', 'small'),
('pct25', 'dog', 'husky', 'medium'),
('pct25', 'dog', 'husky', 'large'),
('pct26', 'dog', 'husky', 'small'),
('pct27', 'dog', 'husky', 'small'),
('pct27', 'dog', 'husky', 'medium'),
('pct27', 'dog', 'husky', 'large'),
('pct27', 'dog', 'retriever', 'small'),
('pct27', 'dog', 'retriever', 'medium'),
('pct28', 'dog', 'husky', 'small'),
('pct28', 'dog', 'husky', 'medium'),
('pct28', 'dog', 'husky', 'large'),
('pct28', 'dog', 'retriever', 'small'),
('pct30', 'dog', 'husky', 'small'),
('pct30', 'dog', 'husky', 'medium'),
('pct31', 'dog', 'husky', 'small'),
('pct32', 'dog', 'husky', 'small'),
('pct32', 'dog', 'husky', 'medium'),
('pct32', 'dog', 'husky', 'large'),
('pct32', 'dog', 'retriever', 'small'),
('pct33', 'dog', 'husky', 'small'),
('pct33', 'dog', 'husky', 'medium'),
('pct33', 'dog', 'husky', 'large'),
('pct33', 'dog', 'retriever', 'small'),
('pct33', 'dog', 'retriever', 'medium'),
('pct34', 'dog', 'husky', 'small'),
('pct34', 'dog', 'husky', 'medium'),
('pct34', 'dog', 'husky', 'large'),
('pct36', 'dog', 'husky', 'small'),
('pct36', 'dog', 'husky', 'medium'),
('pct37', 'dog', 'husky', 'small'),
('pct37', 'dog', 'husky', 'medium'),
('pct37', 'dog', 'husky', 'large'),
('pct37', 'dog', 'retriever', 'small'),
('pct38', 'dog', 'husky', 'small'),
('pct38', 'dog', 'husky', 'medium'),
('pct39', 'dog', 'husky', 'small'),
('pct39', 'dog', 'husky', 'medium'),
('pct39', 'dog', 'husky', 'large'),
('pct39', 'dog', 'retriever', 'small'),
('pct39', 'dog', 'retriever', 'medium'),
('pct40', 'dog', 'husky', 'small'),
('pct40', 'dog', 'husky', 'medium'),
('pct40', 'dog', 'husky', 'large'),
('pct40', 'dog', 'retriever', 'small'),
('pct40', 'dog', 'retriever', 'medium'),
('pct40', 'dog', 'retriever', 'large'),
('pct40', 'dog', 'pug', 'small'),
('pct41', 'dog', 'husky', 'small'),
('pct41', 'dog', 'husky', 'medium'),
('pct41', 'dog', 'husky', 'large'),
('pct41', 'dog', 'retriever', 'small'),
('pct42', 'dog', 'husky', 'small'),
('pct42', 'dog', 'husky', 'medium'),
('pct42', 'dog', 'husky', 'large'),
('pct42', 'dog', 'retriever', 'small'),
('pct43', 'dog', 'husky', 'small'),
('pct44', 'dog', 'husky', 'small'),
('pct44', 'dog', 'husky', 'medium'),
('pct44', 'dog', 'husky', 'large'),
('pct44', 'dog', 'retriever', 'small'),
('pct45', 'dog', 'husky', 'small'),
('pct45', 'dog', 'husky', 'medium'),
('pct45', 'dog', 'husky', 'large'),
('pct45', 'dog', 'retriever', 'small'),
('pct45', 'dog', 'retriever', 'medium'),
('pct46', 'dog', 'husky', 'small'),
('pct46', 'dog', 'husky', 'medium'),
('pct46', 'dog', 'husky', 'large'),
('pct47', 'dog', 'husky', 'small'),
('pct47', 'dog', 'husky', 'medium'),
('pct47', 'dog', 'husky', 'large'),
('pct47', 'dog', 'retriever', 'small'),
('pct48', 'dog', 'husky', 'small'),
('pct48', 'dog', 'husky', 'medium'),
('pct48', 'dog', 'husky', 'large'),
('pct49', 'dog', 'husky', 'small'),
('pct49', 'dog', 'husky', 'medium'),
('pct49', 'dog', 'husky', 'large'),
('pct49', 'dog', 'retriever', 'small'),
('pct49', 'dog', 'retriever', 'medium'),
('pct49', 'dog', 'retriever', 'large'),
('pct49', 'dog', 'pug', 'small'),
('pct50', 'dog', 'husky', 'small'),
('pct51', 'dog', 'husky', 'small'),
('pct51', 'dog', 'husky', 'medium'),
('pct51', 'dog', 'husky', 'large'),
('pct51', 'dog', 'retriever', 'small'),
('pct51', 'dog', 'retriever', 'medium'),
('pct51', 'dog', 'retriever', 'large'),
('pct52', 'dog', 'husky', 'small'),
('pct52', 'dog', 'husky', 'medium'),
('pct52', 'dog', 'husky', 'large'),
('pct52', 'dog', 'retriever', 'small'),
('pct52', 'dog', 'retriever', 'medium'),
('pct52', 'dog', 'retriever', 'large'),
('pct52', 'dog', 'pug', 'small'),
('pct53', 'dog', 'husky', 'small'),
('pct53', 'dog', 'husky', 'medium'),
('pct53', 'dog', 'husky', 'large'),
('pct53', 'dog', 'retriever', 'small'),
('pct53', 'dog', 'retriever', 'medium'),
('pct53', 'dog', 'retriever', 'large'),
('pct54', 'dog', 'husky', 'small'),
('pct54', 'dog', 'husky', 'medium'),
('pct54', 'dog', 'husky', 'large'),
('pct54', 'dog', 'retriever', 'small'),
('pct54', 'dog', 'retriever', 'medium'),
('pct54', 'dog', 'retriever', 'large'),
('pct54', 'dog', 'pug', 'small'),
('pct56', 'dog', 'husky', 'small'),
('pct56', 'dog', 'husky', 'medium'),
('pct56', 'dog', 'husky', 'large'),
('pct57', 'dog', 'husky', 'small'),
('pct58', 'dog', 'husky', 'small'),
('pct58', 'dog', 'husky', 'medium'),
('pct58', 'dog', 'husky', 'large'),
('pct58', 'dog', 'retriever', 'small'),
('pct58', 'dog', 'retriever', 'medium'),
('pct58', 'dog', 'retriever', 'large'),
('pct59', 'dog', 'husky', 'small'),
('pct59', 'dog', 'husky', 'medium'),
('pct59', 'dog', 'husky', 'large'),
('pct59', 'dog', 'retriever', 'small'),
('pct59', 'dog', 'retriever', 'medium'),
('pct60', 'dog', 'husky', 'small'),
('pct61', 'dog', 'husky', 'small'),
('pct61', 'dog', 'husky', 'medium'),
('pct61', 'dog', 'husky', 'large'),
('pct61', 'dog', 'retriever', 'small'),
('pct61', 'dog', 'retriever', 'medium'),
('pct61', 'dog', 'retriever', 'large'),
('pct63', 'dog', 'husky', 'small'),
('pct63', 'dog', 'husky', 'medium'),
('pct63', 'dog', 'husky', 'large'),
('pct63', 'dog', 'retriever', 'small'),
('pct63', 'dog', 'retriever', 'medium'),
('pct63', 'dog', 'retriever', 'large'),
('pct64', 'dog', 'husky', 'small'),
('pct64', 'dog', 'husky', 'medium'),
('pct65', 'dog', 'husky', 'small'),
('pct65', 'dog', 'husky', 'medium'),
('pct65', 'dog', 'husky', 'large'),
('pct65', 'dog', 'retriever', 'small'),
('pct65', 'dog', 'retriever', 'medium'),
('pct65', 'dog', 'retriever', 'large'),
('pct66', 'dog', 'husky', 'small'),
('pct66', 'dog', 'husky', 'medium'),
('pct66', 'dog', 'husky', 'large'),
('pct66', 'dog', 'retriever', 'small'),
('pct66', 'dog', 'retriever', 'medium'),
('pct66', 'dog', 'retriever', 'large'),
('pct66', 'dog', 'pug', 'small'),
('pct67', 'dog', 'husky', 'small'),
('pct67', 'dog', 'husky', 'medium'),
('pct67', 'dog', 'husky', 'large'),
('pct68', 'dog', 'husky', 'small'),
('pct68', 'dog', 'husky', 'medium'),
('pct68', 'dog', 'husky', 'large'),
('pct68', 'dog', 'retriever', 'small'),
('pct68', 'dog', 'retriever', 'medium'),
('pct68', 'dog', 'retriever', 'large'),
('pct68', 'dog', 'pug', 'small'),
('pct69', 'dog', 'husky', 'small'),
('pct70', 'dog', 'husky', 'small'),
('pct70', 'dog', 'husky', 'medium'),
('pct71', 'dog', 'husky', 'small'),
('pct71', 'dog', 'husky', 'medium'),
('pct72', 'dog', 'husky', 'small'),
('pct72', 'dog', 'husky', 'medium'),
('pct72', 'dog', 'husky', 'large'),
('pct72', 'dog', 'retriever', 'small'),
('pct72', 'dog', 'retriever', 'medium'),
('pct72', 'dog', 'retriever', 'large'),
('pct72', 'dog', 'pug', 'small'),
('pct73', 'dog', 'husky', 'small'),
('pct73', 'dog', 'husky', 'medium'),
('pct73', 'dog', 'husky', 'large'),
('pct73', 'dog', 'retriever', 'small'),
('pct73', 'dog', 'retriever', 'medium'),
('pct74', 'dog', 'husky', 'small'),
('pct74', 'dog', 'husky', 'medium'),
('pct74', 'dog', 'husky', 'large'),
('pct74', 'dog', 'retriever', 'small'),
('pct74', 'dog', 'retriever', 'medium'),
('pct74', 'dog', 'retriever', 'large'),
('pct75', 'dog', 'husky', 'small'),
('pct75', 'dog', 'husky', 'medium'),
('pct75', 'dog', 'husky', 'large'),
('pct75', 'dog', 'retriever', 'small'),
('pct75', 'dog', 'retriever', 'medium'),
('pct75', 'dog', 'retriever', 'large'),
('pct76', 'dog', 'husky', 'small'),
('pct76', 'dog', 'husky', 'medium'),
('pct76', 'dog', 'husky', 'large'),
('pct76', 'dog', 'retriever', 'small'),
('pct77', 'dog', 'husky', 'small'),
('pct77', 'dog', 'husky', 'medium'),
('pct77', 'dog', 'husky', 'large'),
('pct77', 'dog', 'retriever', 'small'),
('pct77', 'dog', 'retriever', 'medium'),
('pct78', 'dog', 'husky', 'small'),
('pct78', 'dog', 'husky', 'medium'),
('pct80', 'dog', 'husky', 'small'),
('pct80', 'dog', 'husky', 'medium'),
('pct80', 'dog', 'husky', 'large'),
('pct80', 'dog', 'retriever', 'small'),
('pct80', 'dog', 'retriever', 'medium'),
('pct81', 'dog', 'husky', 'small'),
('pct81', 'dog', 'husky', 'medium'),
('pct81', 'dog', 'husky', 'large'),
('pct82', 'dog', 'husky', 'small'),
('pct83', 'dog', 'husky', 'small'),
('pct83', 'dog', 'husky', 'medium'),
('pct83', 'dog', 'husky', 'large'),
('pct83', 'dog', 'retriever', 'small'),
('pct83', 'dog', 'retriever', 'medium'),
('pct83', 'dog', 'retriever', 'large'),
('pct84', 'dog', 'husky', 'small'),
('pct84', 'dog', 'husky', 'medium'),
('pct84', 'dog', 'husky', 'large'),
('pct84', 'dog', 'retriever', 'small'),
('pct84', 'dog', 'retriever', 'medium'),
('pct84', 'dog', 'retriever', 'large'),
('pct84', 'dog', 'pug', 'small'),
('pct85', 'dog', 'husky', 'small'),
('pct85', 'dog', 'husky', 'medium'),
('pct85', 'dog', 'husky', 'large'),
('pct85', 'dog', 'retriever', 'small'),
('pct85', 'dog', 'retriever', 'medium'),
('pct85', 'dog', 'retriever', 'large'),
('pct86', 'dog', 'husky', 'small'),
('pct86', 'dog', 'husky', 'medium'),
('pct86', 'dog', 'husky', 'large'),
('pct87', 'dog', 'husky', 'small'),
('pct87', 'dog', 'husky', 'medium'),
('pct87', 'dog', 'husky', 'large'),
('pct87', 'dog', 'retriever', 'small'),
('pct87', 'dog', 'retriever', 'medium'),
('pct87', 'dog', 'retriever', 'large'),
('pct88', 'dog', 'husky', 'small'),
('pct90', 'dog', 'husky', 'small'),
('pct90', 'dog', 'husky', 'medium'),
('pct90', 'dog', 'husky', 'large'),
('pct90', 'dog', 'retriever', 'small'),
('pct90', 'dog', 'retriever', 'medium'),
('pct90', 'dog', 'retriever', 'large'),
('pct90', 'dog', 'pug', 'small'),
('pct91', 'dog', 'husky', 'small'),
('pct91', 'dog', 'husky', 'medium'),
('pct91', 'dog', 'husky', 'large'),
('pct91', 'dog', 'retriever', 'small'),
('pct91', 'dog', 'retriever', 'medium'),
('pct92', 'dog', 'husky', 'small'),
('pct92', 'dog', 'husky', 'medium'),
('pct92', 'dog', 'husky', 'large'),
('pct92', 'dog', 'retriever', 'small'),
('pct92', 'dog', 'retriever', 'medium'),
('pct93', 'dog', 'husky', 'small'),
('pct93', 'dog', 'husky', 'medium'),
('pct94', 'dog', 'husky', 'small'),
('pct94', 'dog', 'husky', 'medium'),
('pct95', 'dog', 'husky', 'small'),
('pct95', 'dog', 'husky', 'medium'),
('pct95', 'dog', 'husky', 'large'),
('pct95', 'dog', 'retriever', 'small'),
('pct95', 'dog', 'retriever', 'medium'),
('pct95', 'dog', 'retriever', 'large'),
('pct95', 'dog', 'pug', 'small'),
('pct96', 'dog', 'husky', 'small'),
('pct96', 'dog', 'husky', 'medium'),
('pct96', 'dog', 'husky', 'large'),
('pct97', 'dog', 'husky', 'small'),
('pct97', 'dog', 'husky', 'medium'),
('pct98', 'dog', 'husky', 'small'),
('pct98', 'dog', 'husky', 'medium'),
('pct98', 'dog', 'husky', 'large'),
('pct98', 'dog', 'retriever', 'small'),
('pct98', 'dog', 'retriever', 'medium'),
('pct98', 'dog', 'retriever', 'large'),
('pct98', 'dog', 'pug', 'small'),
('pct99', 'dog', 'husky', 'small'),
('pct99', 'dog', 'husky', 'medium'),
('pct99', 'dog', 'husky', 'large'),
('pct99', 'dog', 'retriever', 'small'),
('pct99', 'dog', 'retriever', 'medium'),
('pct100', 'dog', 'husky', 'small'),
('pct100', 'dog', 'husky', 'medium'),
('pct100', 'dog', 'husky', 'large'),
('pct100', 'dog', 'retriever', 'small'),
('pct100', 'dog', 'retriever', 'medium'),
('pct100', 'dog', 'retriever', 'large'),
('pct101', 'dog', 'husky', 'small'),
('pct101', 'dog', 'husky', 'medium'),
('pct101', 'dog', 'husky', 'large'),
('pct101', 'dog', 'retriever', 'small'),
('pct101', 'dog', 'retriever', 'medium'),
('pct102', 'dog', 'husky', 'small'),
('pct102', 'dog', 'husky', 'medium'),
('pct102', 'dog', 'husky', 'large'),
('pct105', 'dog', 'husky', 'small'),
('pct105', 'dog', 'husky', 'medium'),
('pct105', 'dog', 'husky', 'large'),
('pct105', 'dog', 'retriever', 'small'),
('pct105', 'dog', 'retriever', 'medium'),
('pct105', 'dog', 'retriever', 'large'),
('pct106', 'dog', 'husky', 'small'),
('pct106', 'dog', 'husky', 'medium'),
('pct106', 'dog', 'husky', 'large'),
('pct106', 'dog', 'retriever', 'small'),
('pct106', 'dog', 'retriever', 'medium'),
('pct106', 'dog', 'retriever', 'large'),
('pct106', 'dog', 'pug', 'small'),
('pct107', 'dog', 'husky', 'small'),
('pct107', 'dog', 'husky', 'medium'),
('pct108', 'dog', 'husky', 'small'),
('pct109', 'dog', 'husky', 'small'),
('pct109', 'dog', 'husky', 'medium'),
('pct109', 'dog', 'husky', 'large'),
('pct110', 'dog', 'husky', 'small'),
('pct111', 'dog', 'husky', 'small'),
('pct111', 'dog', 'husky', 'medium'),
('pct111', 'dog', 'husky', 'large'),
('pct111', 'dog', 'retriever', 'small'),
('pct111', 'dog', 'retriever', 'medium'),
('pct111', 'dog', 'retriever', 'large'),
('pct112', 'dog', 'husky', 'small'),
('pct112', 'dog', 'husky', 'medium'),
('pct112', 'dog', 'husky', 'large'),
('pct112', 'dog', 'retriever', 'small'),
('pct112', 'dog', 'retriever', 'medium'),
('pct112', 'dog', 'retriever', 'large'),
('pct114', 'dog', 'husky', 'small'),
('pct114', 'dog', 'husky', 'medium'),
('pct115', 'dog', 'husky', 'small'),
('pct115', 'dog', 'husky', 'medium'),
('pct117', 'dog', 'husky', 'small'),
('pct117', 'dog', 'husky', 'medium'),
('pct117', 'dog', 'husky', 'large'),
('pct117', 'dog', 'retriever', 'small'),
('pct117', 'dog', 'retriever', 'medium'),
('pct117', 'dog', 'retriever', 'large'),
('pct118', 'dog', 'husky', 'small'),
('pct118', 'dog', 'husky', 'medium'),
('pct119', 'dog', 'husky', 'small'),
('pct119', 'dog', 'husky', 'medium'),
('pct119', 'dog', 'husky', 'large'),
('pct119', 'dog', 'retriever', 'small'),
('pct119', 'dog', 'retriever', 'medium'),
('pct119', 'dog', 'retriever', 'large'),
('pct120', 'dog', 'husky', 'small'),
('pct120', 'dog', 'husky', 'medium'),
('pct120', 'dog', 'husky', 'large'),
('pct120', 'dog', 'retriever', 'small'),
('pct121', 'dog', 'husky', 'small'),
('pct121', 'dog', 'husky', 'medium'),
('pct121', 'dog', 'husky', 'large'),
('pct121', 'dog', 'retriever', 'small'),
('pct121', 'dog', 'retriever', 'medium'),
('pct123', 'dog', 'husky', 'small'),
('pct123', 'dog', 'husky', 'medium'),
('pct125', 'dog', 'husky', 'small');